fecha,macrosector_id,macrosector,ise_var_anual,ipc_var_anual,tpm,var_empleo_anual,ipp_var_anual,trm,trm_var_anual,costo_var,trm_ajustado,ise_norm,emp_norm,costo_norm,tpm_norm,trm_norm,icds,estado,estado_nombre,vulnerabilidad
2015-01,M01,Agropecuario,2.9601,3.82,4.5,,,2397.2581,,3.82,,0.5357,,0.6786,0.7857,,0.7011,S2,Crecimiento,Moderada
2015-02,M01,Agropecuario,2.2221,4.36,4.5,,,2420.6725,,4.36,,0.4464,,0.6339,0.7857,,0.6683,S2,Crecimiento,Moderada
2015-03,M01,Agropecuario,3.7479,4.56,4.5,,,2585.3623,,4.56,,0.6071,,0.5804,0.7857,,0.6735,S2,Crecimiento,Moderada
2015-04,M01,Agropecuario,4.1047,4.64,4.5,,,2505.248,,4.64,,0.6339,,0.5625,0.7857,,0.6707,S2,Crecimiento,Moderada
2015-05,M01,Agropecuario,1.4892,4.41,4.5,,,2437.5352,,4.41,,0.3304,,0.625,0.7857,,0.6454,S2,Crecimiento,Moderada
2015-06,M01,Agropecuario,3.7214,4.42,4.5,,,2562.4777,,4.42,,0.5982,,0.6161,0.7857,,0.6864,S2,Crecimiento,Moderada
2015-07,M01,Agropecuario,5.7183,4.46,4.5,,,2732.0358,,4.46,,0.7411,,0.5982,0.7857,,0.7029,S2,Crecimiento,Moderada
2015-08,M01,Agropecuario,8.1115,4.74,4.5,,,3012.5874,,4.74,,0.8571,,0.5536,0.7857,,0.7043,S2,Crecimiento,Moderada
2015-09,M01,Agropecuario,7.1254,5.35,4.525,,,3066.408,,5.35,,0.8036,,0.5268,0.6964,,0.646,S2,Crecimiento,Moderada
2015-10,M01,Agropecuario,3.3517,5.89,4.75,,,2929.4723,,5.89,,0.5804,,0.4911,0.6786,,0.5869,S3,Estabilidad,Moderada
2015-11,M01,Agropecuario,4.8077,6.39,5.225,,,3001.3763,,6.39,,0.6786,,0.4821,0.6429,,0.5842,S3,Estabilidad,Moderada
2015-12,M01,Agropecuario,4.4097,6.77,5.5887,,,3244.2016,,6.77,,0.6429,,0.4643,0.6071,,0.5556,S3,Estabilidad,Moderada
2016-01,M01,Agropecuario,-1.907,7.45,5.75,-3.2278,18.0676,3270.1952,36.414,18.0676,29.131200000000003,0.1339,0.15,0.1786,0.5982,0.98,0.36,S4,Decrecimiento,Media
2016-02,M01,Agropecuario,1.7205,7.59,6.069,-1.8321,17.9049,3354.9569,38.5961,17.9049,30.87688,0.3661,0.25,0.1875,0.5625,0.99,0.3953,S4,Decrecimiento,Media
2016-03,M01,Agropecuario,3.0548,7.98,6.3306,-1.3783,14.7103,3128.789,21.0194,14.7103,16.815520000000003,0.5446,0.31,0.2411,0.5446,0.92,0.4348,S3,Estabilidad,Moderada
2016-04,M01,Agropecuario,-1.1714,7.93,6.5,5.7789,18.2099,2997.727,19.6579,18.2099,15.726320000000001,0.1875,0.83,0.1696,0.5357,0.89,0.4255,S3,Estabilidad,Moderada
2016-05,M01,Agropecuario,-1.3439,8.2,6.9919,0.3686,23.0505,2993.5084,22.8088,23.0505,18.247040000000002,0.1518,0.46,0.1429,0.5179,0.94,0.3604,S4,Decrecimiento,Media
2016-06,M01,Agropecuario,2.0009,8.6,7.3167,2.9224,24.5214,2992.8587,16.7955,24.5214,13.4364,0.4286,0.66,0.125,0.4911,0.87,0.4047,S3,Estabilidad,Moderada
2016-07,M01,Agropecuario,-11.5046,8.97,7.5,3.029,24.4392,2960.9997,8.3807,24.4392,6.70456,0.0,0.69,0.1339,0.4732,0.65,0.3352,S4,Decrecimiento,Media
2016-08,M01,Agropecuario,9.5996,8.1,7.75,6.3994,12.651,2952.7668,-1.9857,12.651,-1.5885600000000002,0.9286,0.87,0.3036,0.4375,0.34,0.5109,S3,Estabilidad,Moderada
2016-09,M01,Agropecuario,6.1549,7.27,7.75,-3.6934,8.8446,2924.2653,-4.6355,8.8446,-3.7084000000000006,0.7768,0.12,0.3929,0.4375,0.24,0.4171,S3,Estabilidad,Moderada
2016-10,M01,Agropecuario,5.0385,6.48,7.75,-2.367,5.8562,2929.3887,-0.0029,5.8562,-0.00232,0.7054,0.24,0.5,0.4375,0.43,0.4684,S3,Estabilidad,Moderada
2016-11,M01,Agropecuario,13.8781,5.96,7.75,-1.7686,4.5219,3110.2587,3.6277,4.5219,2.9021600000000003,0.9821,0.28,0.5893,0.4375,0.5,0.5442,S3,Estabilidad,Moderada
2016-12,M01,Agropecuario,7.5819,5.75,7.6452,-3.2151,1.0472,3009.8639,-7.2233,1.0472,-5.77864,0.8393,0.16,0.7857,0.4464,0.18,0.5597,S3,Estabilidad,Moderada
2017-01,M01,Agropecuario,10.1669,5.47,7.5,5.9211,-0.6868,2941.3994,-10.0543,-0.6868,-8.04344,0.9375,0.84,0.8839,0.4732,0.15,0.7011,S2,Crecimiento,Moderada
2017-02,M01,Agropecuario,8.7912,5.18,7.4821,0.186,-3.2165,2879.5668,-14.1698,-3.2165,-11.335840000000001,0.9018,0.45,0.9554,0.4821,0.08,0.6686,S2,Crecimiento,Moderada
2017-03,M01,Agropecuario,8.7556,4.69,7.2097,8.8086,-2.3024,2942.2861,-5.9609,-2.3024,-4.76872,0.8929,0.92,0.9286,0.5,0.21,0.7328,S2,Crecimiento,Moderada
2017-04,M01,Agropecuario,3.2602,4.66,7.0,2.5921,-3.6309,2877.8217,-3.9999,-3.6309,-3.19992,0.5714,0.64,0.9732,0.5089,0.25,0.6728,S2,Crecimiento,Moderada
2017-05,M01,Agropecuario,8.4563,4.37,6.5,11.2617,-6.2575,2923.6129,-2.3349,-6.2575,-1.8679200000000002,0.875,0.98,0.9821,0.5357,0.31,0.7737,S2,Crecimiento,Moderada
2017-06,M01,Agropecuario,13.0757,3.99,6.25,2.1393,-7.6784,2957.0983,-1.1949,-7.6784,-0.9559200000000001,0.9643,0.6,0.9911,0.5536,0.35,0.748,S2,Crecimiento,Moderada
2017-07,M01,Agropecuario,15.0266,3.4,5.7661,7.9785,-8.3229,3036.5839,2.5527,-8.3229,2.0421600000000004,0.9911,0.89,1.0,0.5893,0.49,0.8122,S1,Aceleración,Baja
2017-08,M01,Agropecuario,1.6353,3.87,5.5,2.2756,-1.1821,2973.2048,0.6922,-1.1821,0.55376,0.3571,0.61,0.8929,0.6161,0.46,0.6626,S2,Crecimiento,Moderada
2017-09,M01,Agropecuario,2.5543,3.97,5.25,9.9304,-1.3344,2917.085,-0.2455,-1.3344,-0.19640000000000002,0.5089,0.95,0.9107,0.625,0.41,0.7335,S2,Crecimiento,Moderada
2017-10,M01,Agropecuario,1.8507,4.05,5.2339,2.9856,-0.3431,2953.7558,0.8318,-0.3431,0.66544,0.3839,0.68,0.875,0.6339,0.47,0.6763,S2,Crecimiento,Moderada
2017-11,M01,Agropecuario,-1.8499,4.12,4.9667,8.2882,0.3249,3013.4667,-3.112,0.3249,-2.4896000000000003,0.1429,0.91,0.8304,0.6607,0.29,0.6585,S2,Crecimiento,Moderada
2017-12,M01,Agropecuario,-1.3412,4.09,4.75,3.8593,0.865,2991.7619,-0.6014,0.865,-0.48112000000000005,0.1607,0.74,0.8036,0.6786,0.38,0.6412,S2,Crecimiento,Moderada
2018-01,M01,Agropecuario,2.3609,3.68,4.7339,7.9665,-0.0084,2868.5723,-2.4759,-0.0084,-1.9807200000000003,0.4732,0.88,0.8482,0.6875,0.3,0.7152,S2,Crecimiento,Moderada
2018-02,M01,Agropecuario,1.1057,3.37,4.5,3.5732,0.9605,2860.2529,-0.6707,0.9605,-0.53656,0.3036,0.72,0.7946,0.7857,0.37,0.6923,S2,Crecimiento,Moderada
2018-03,M01,Agropecuario,3.5176,3.14,4.5,2.3164,1.2839,2847.9306,-3.2069,1.2839,-2.5655200000000002,0.5893,0.63,0.7768,0.7857,0.28,0.7087,S2,Crecimiento,Moderada
2018-04,M01,Agropecuario,6.6859,3.13,4.4917,0.1107,0.3471,2766.285,-3.8757,0.3471,-3.10056,0.7857,0.44,0.8214,0.7946,0.27,0.728,S2,Crecimiento,Moderada
2018-05,M01,Agropecuario,5.0539,3.16,4.25,-3.1609,0.1958,2861.8258,-2.1134,0.1958,-1.69072,0.7143,0.18,0.8393,0.9732,0.33,0.7567,S2,Crecimiento,Moderada
2018-06,M01,Agropecuario,-3.4705,3.2,4.25,-0.3096,0.3928,2889.689,-2.2796,0.3928,-1.82368,0.0536,0.39,0.8125,0.9732,0.32,0.6849,S2,Crecimiento,Moderada
2018-07,M01,Agropecuario,5.0222,3.12,4.25,-6.4775,-0.3419,2885.3219,-4.9813,-0.3419,-3.98504,0.6964,0.08,0.8661,0.9732,0.23,0.7447,S2,Crecimiento,Moderada
2018-08,M01,Agropecuario,-1.2215,3.1,4.25,3.3243,-0.0684,2958.6668,-0.489,-0.0684,-0.3912,0.1786,0.71,0.8571,0.9732,0.39,0.7617,S2,Crecimiento,Moderada
2018-09,M01,Agropecuario,-0.7665,3.23,4.25,-1.773,3.1469,3033.768,4.0,3.1469,3.2,0.1964,0.27,0.7232,0.9732,0.52,0.6702,S2,Crecimiento,Moderada
2018-10,M01,Agropecuario,2.509,3.33,4.25,1.1308,3.8385,3084.831,4.4376,3.8385,3.55008,0.5,0.51,0.6696,0.9732,0.53,0.7254,S2,Crecimiento,Moderada
2018-11,M01,Agropecuario,-0.1559,3.27,4.25,-1.8246,3.4515,3194.0343,5.992,3.4515,4.7936000000000005,0.2321,0.26,0.7054,0.9732,0.58,0.6712,S2,Crecimiento,Moderada
2018-12,M01,Agropecuario,-0.6017,3.18,4.25,4.3037,4.6107,3218.551,7.5805,4.6107,6.0644,0.2054,0.77,0.5714,0.9732,0.63,0.6923,S2,Crecimiento,Moderada
2019-01,M01,Agropecuario,1.38,3.15,4.25,-3.6238,5.7861,3165.1881,10.3402,5.7861,8.27216,0.3125,0.13,0.5089,0.9732,0.71,0.6077,S2,Crecimiento,Moderada
2019-02,M01,Agropecuario,0.871,3.01,4.25,-1.5819,4.3526,3115.8386,8.9358,4.3526,7.14864,0.2946,0.29,0.6429,0.9732,0.67,0.6679,S2,Crecimiento,Moderada
2019-03,M01,Agropecuario,-3.1295,3.21,4.25,-12.2858,4.9871,3128.6842,9.8582,4.9871,7.88656,0.0804,0.0,0.5446,0.9732,0.69,0.57,S3,Estabilidad,Moderada
2019-04,M01,Agropecuario,2.2121,3.25,4.25,-11.7487,7.7624,3155.765,14.0795,7.7624,11.2636,0.4375,0.01,0.4286,0.9732,0.82,0.5887,S3,Estabilidad,Moderada
2019-05,M01,Agropecuario,5.947,3.31,4.25,-4.553,9.7298,3304.4945,15.4681,9.7298,12.37448,0.7589,0.11,0.375,0.9732,0.85,0.6293,S2,Crecimiento,Moderada
2019-06,M01,Agropecuario,0.5941,3.43,4.25,1.8537,11.4145,3260.517,12.8328,11.4145,10.266240000000002,0.2768,0.56,0.3482,0.9732,0.79,0.6101,S2,Crecimiento,Moderada
2019-07,M01,Agropecuario,3.7962,3.79,4.25,-3.209,12.7638,3206.6003,11.1349,12.7638,8.90792,0.6161,0.17,0.2946,0.9732,0.75,0.5859,S3,Estabilidad,Moderada
2019-08,M01,Agropecuario,4.8963,3.75,4.25,-7.7602,12.9029,3410.729,15.2793,12.9029,12.22344,0.6875,0.03,0.2857,0.9732,0.84,0.5794,S3,Estabilidad,Moderada
2019-09,M01,Agropecuario,2.688,3.82,4.25,-5.7751,12.9686,3399.457,12.054,12.9686,9.6432,0.5268,0.1,0.2768,0.9732,0.78,0.5605,S3,Estabilidad,Moderada
2019-10,M01,Agropecuario,4.6951,3.86,4.25,-0.3593,12.3166,3433.3116,11.2966,12.3166,9.03728,0.6607,0.38,0.3214,0.9732,0.76,0.6285,S2,Crecimiento,Moderada
2019-11,M01,Agropecuario,3.0876,3.84,4.25,-6.7212,9.2512,3401.473,6.4946,9.2512,5.19568,0.5536,0.05,0.3839,0.9732,0.6,0.5831,S3,Estabilidad,Moderada
2019-12,M01,Agropecuario,5.7124,3.8,4.25,-2.8697,6.4529,3378.0506,4.9556,6.4529,3.96448,0.7321,0.22,0.4732,0.9732,0.55,0.656,S2,Crecimiento,Moderada
2020-01,M01,Agropecuario,6.293,3.62,4.25,-5.8505,4.3773,3311.1894,4.6127,4.3773,3.6901600000000006,0.7857,0.1,0.625,0.9732,0.55,0.6976,S2,Crecimiento,Moderada
2020-02,M01,Agropecuario,7.8199,3.72,4.25,-8.1553,7.3013,3411.0528,9.4746,7.3013,7.579680000000001,0.8571,0.03,0.4464,0.9732,0.69,0.6471,S2,Crecimiento,Moderada
2020-03,M01,Agropecuario,2.3915,3.86,4.2177,-2.7003,12.2964,3877.0484,23.9195,12.2964,19.1356,0.4911,0.23,0.3214,0.9732,0.95,0.5963,S3,Estabilidad,Moderada
2020-04,M01,Agropecuario,1.9007,3.51,3.75,-7.2254,12.3865,3977.3933,26.0358,12.3865,20.82864,0.4018,0.04,0.3125,0.9911,0.97,0.564,S3,Estabilidad,Moderada
2020-05,M01,Agropecuario,-5.5884,2.85,3.2984,-12.4917,10.292,3858.1916,16.7559,10.292,13.404720000000001,0.0268,0.0,0.3571,0.9911,0.87,0.5172,S3,Estabilidad,Moderada
2020-06,M01,Agropecuario,0.986,2.19,2.75,-14.036463359208987,5.5271,3701.6043,13.5281,5.5271,10.82248,0.3036,0.0,0.5179,1.0,0.81,0.6075,S2,Crecimiento,Moderada
2020-07,M01,Agropecuario,0.6841,1.97,2.5,-5.2555,4.7087,3657.8668,14.0731,4.7087,11.25848,0.2857,0.11,0.5536,1.0,0.82,0.6316,S2,Crecimiento,Moderada
2020-08,M01,Agropecuario,-2.539,1.88,2.2661,0.9177,4.847,3783.0258,10.9155,4.847,8.7324,0.1339,0.51,0.5446,1.0,0.74,0.6555,S2,Crecimiento,Moderada
2020-09,M01,Agropecuario,4.9835,1.97,1.975,-0.6375,4.9624,3750.2153,10.3181,4.9624,8.25448,0.6964,0.37,0.5446,1.0,0.71,0.7121,S2,Crecimiento,Moderada
2020-10,M01,Agropecuario,-0.9147,1.75,1.75,-7.1723,4.8631,3833.7884,11.6644,4.8631,9.331520000000001,0.1964,0.04,0.5446,1.0,0.78,0.6053,S2,Crecimiento,Moderada
2020-11,M01,Agropecuario,0.526,1.49,1.75,-4.2572,7.48,3685.6267,8.3538,7.48,6.68304,0.2679,0.12,0.4375,1.0,0.65,0.5832,S3,Estabilidad,Moderada
2020-12,M01,Agropecuario,7.5918,1.61,1.75,-5.3631,9.2871,3466.1271,2.6073,9.2871,2.08584,0.8482,0.11,0.375,1.0,0.5,0.632,S2,Crecimiento,Moderada
2021-01,M01,Agropecuario,-0.843,1.6,1.75,-1.6723,12.6346,3491.3216,5.4401,12.6346,4.35208,0.1964,0.29,0.3036,1.0,0.58,0.5477,S3,Estabilidad,Moderada
2021-02,M01,Agropecuario,-1.9783,1.56,1.75,-9.1987,13.0677,3554.5043,4.2055,13.0677,3.3644,0.1339,0.03,0.2679,1.0,0.53,0.4912,S3,Estabilidad,Moderada
2021-03,M01,Agropecuario,14.5538,1.51,1.75,3.7475,10.4902,3612.7684,-6.8165,10.4902,-5.4532,0.9911,0.73,0.3571,1.0,0.2,0.7096,S2,Crecimiento,Moderada
2021-04,M01,Agropecuario,12.5786,1.95,1.75,6.55,11.6135,3650.776,-8.2118,11.6135,-6.56944,0.9643,0.88,0.3304,1.0,0.18,0.7156,S2,Crecimiento,Moderada
2021-05,M01,Agropecuario,-1.9622,3.3,1.75,15.884165359208986,20.0885,3735.6661,-3.1757,20.0885,-2.54056,0.1339,1.0,0.1518,1.0,0.29,0.5657,S3,Estabilidad,Moderada
2021-06,M01,Agropecuario,9.1715,3.63,1.75,-4.0942,19.8437,3685.0427,-0.4474,19.8437,-0.35792,0.9196,0.12,0.1518,1.0,0.4,0.5643,S3,Estabilidad,Moderada
2021-07,M01,Agropecuario,3.933,3.97,1.75,6.8894,21.7436,3829.4181,4.6899,21.7436,3.75192,0.625,0.88,0.1429,1.0,0.55,0.6279,S2,Crecimiento,Moderada
2021-08,M01,Agropecuario,2.4586,4.44,1.75,-12.0742,22.6669,3881.1835,2.5947,22.6669,2.0757600000000003,0.5,0.01,0.1429,1.0,0.5,0.4956,S3,Estabilidad,Moderada
2021-09,M01,Agropecuario,3.8978,4.51,1.75,-8.0836,21.5268,3821.5377,1.9018,21.5268,1.5214400000000001,0.625,0.03,0.1429,1.0,0.49,0.5146,S3,Estabilidad,Moderada
2021-10,M01,Agropecuario,5.3483,4.58,2.0,-5.1104,22.7586,3773.3842,-1.5756,22.7586,-1.26048,0.7321,0.11,0.1429,1.0,0.35,0.532,S3,Estabilidad,Moderada
2021-11,M01,Agropecuario,6.7471,5.26,2.4833,-3.6677,26.3926,3902.901,5.8952,26.3926,4.71616,0.8036,0.13,0.1071,1.0,0.58,0.5449,S3,Estabilidad,Moderada
2021-12,M01,Agropecuario,-0.4446,5.62,2.6935,-6.9565,33.6566,3963.1335,14.339,33.6566,11.471200000000001,0.2232,0.05,0.0893,1.0,0.83,0.4634,S3,Estabilidad,Moderada
2022-01,M01,Agropecuario,-0.2709,6.94,3.0323,-3.0775,42.5839,3999.6161,14.5588,42.5839,11.64704,0.2232,0.19,0.0357,1.0,0.83,0.464,S3,Estabilidad,Moderada
2022-02,M01,Agropecuario,2.2361,8.01,4.0,4.5111,49.7407,3935.8357,10.7281,49.7407,8.58248,0.4554,0.79,0.0089,0.9911,0.73,0.5558,S3,Estabilidad,Moderada
2022-03,M01,Agropecuario,-5.6248,8.53,4.0,2.9391,45.4673,3807.171,5.381,45.4673,4.3048,0.0179,0.67,0.0179,0.9911,0.57,0.4753,S3,Estabilidad,Moderada
2022-04,M01,Agropecuario,-2.9144,9.23,5.0,5.9248,44.7038,3792.982,3.8952,44.7038,3.1161600000000003,0.0982,0.85,0.0268,0.6518,0.51,0.3895,S4,Decrecimiento,Media
2022-05,M01,Agropecuario,11.357,9.07,5.9677,10.6469,32.1113,4019.0794,7.5867,32.1113,6.0693600000000005,0.9554,0.97,0.1071,0.5804,0.64,0.5296,S3,Estabilidad,Moderada
2022-06,M01,Agropecuario,-1.3341,9.67,6.0,5.3551,37.8667,3930.7667,6.6681,37.8667,5.33448,0.1696,0.8,0.0625,0.5714,0.61,0.3815,S4,Decrecimiento,Media
2022-07,M01,Agropecuario,-2.7669,10.21,7.5,-0.8929,37.3732,4367.8058,14.0593,37.3732,11.247440000000001,0.1071,0.35,0.0804,0.4732,0.81,0.2968,S4,Decrecimiento,Media
2022-08,M01,Agropecuario,4.0585,10.84,9.0,-0.8855,37.7753,4322.4694,11.3699,37.7753,9.09592,0.625,0.36,0.0714,0.4018,0.77,0.3381,S4,Decrecimiento,Media
2022-09,M01,Agropecuario,-3.1439,11.44,9.0333,9.1878,39.4576,4433.651,16.0175,39.4576,12.814,0.0625,0.93,0.0536,0.3929,0.86,0.3314,S4,Decrecimiento,Media
2022-10,M01,Agropecuario,-4.5425,12.22,10.0323,3.9865,39.7214,4711.8303,24.8701,39.7214,19.89608,0.0268,0.75,0.0446,0.25,0.95,0.2548,S4,Decrecimiento,Media
2022-11,M01,Agropecuario,-2.7298,12.53,11.0,2.1111,36.9727,4926.6607,26.2307,36.9727,20.984560000000002,0.1161,0.59,0.0893,0.1964,0.97,0.243,S4,Decrecimiento,Media
2022-12,M01,Agropecuario,-3.1098,13.12,11.4194,-2.8993,33.4604,4788.4906,20.8259,33.4604,16.66072,0.0893,0.21,0.0982,0.1696,0.91,0.1804,S5,Contracción,Alta
2023-01,M01,Agropecuario,1.9129,13.25,12.0484,-0.2047,25.3853,4715.2039,17.8914,25.3853,14.313120000000001,0.4018,0.41,0.1161,0.1429,0.88,0.2436,S4,Decrecimiento,Media
2023-02,M01,Agropecuario,-0.004,13.28,12.75,4.3084,20.4903,4803.1125,22.0354,20.4903,17.62832,0.2411,0.78,0.1518,0.1161,0.93,0.2746,S4,Decrecimiento,Media
2023-03,M01,Agropecuario,1.4675,13.34,12.7581,5.5126,18.7395,4766.3058,25.1928,18.7395,20.15424,0.3214,0.81,0.1607,0.0982,0.96,0.2876,S4,Decrecimiento,Media
2023-04,M01,Agropecuario,-6.0412,12.82,13.0,5.9778,11.323,4542.6743,19.7652,11.323,15.81216,0.0089,0.86,0.3571,0.0893,0.9,0.3098,S4,Decrecimiento,Media
2023-05,M01,Agropecuario,0.047,12.36,13.2419,-2.631,9.7942,4540.089,12.9634,9.7942,10.37072,0.25,0.23,0.3661,0.0625,0.8,0.2491,S4,Decrecimiento,Media
2023-06,M01,Agropecuario,1.8066,12.13,13.25,-0.25,5.5782,4209.268,7.0852,5.5782,5.66816,0.375,0.4,0.5179,0.0536,0.62,0.325,S4,Decrecimiento,Media
2023-07,M01,Agropecuario,1.5995,11.78,13.25,1.8411,2.7801,4069.2335,-6.8358,2.7801,-5.468640000000001,0.3393,0.55,0.7589,0.0536,0.19,0.3956,S4,Decrecimiento,Media
2023-08,M01,Agropecuario,0.4761,11.43,13.25,5.6812,4.4536,4070.7252,-5.8241,4.4536,-4.65928,0.2589,0.82,0.6071,0.0536,0.22,0.3714,S4,Decrecimiento,Media
2023-09,M01,Agropecuario,2.2899,10.99,13.25,-3.0207,5.0397,4004.5207,-9.6789,5.0397,-7.743120000000001,0.4643,0.2,0.5357,0.0536,0.16,0.2923,S4,Decrecimiento,Media
2023-10,M01,Agropecuario,4.7026,10.48,13.25,0.0998,4.1685,4222.4332,-10.3866,4.1685,-8.30928,0.6696,0.43,0.6518,0.0536,0.13,0.3864,S4,Decrecimiento,Media
2023-11,M01,Agropecuario,7.5604,10.15,13.25,2.8367,2.1396,4038.8047,-18.0215,2.1396,-14.417200000000001,0.8304,0.65,0.7679,0.0536,0.02,0.4689,S3,Estabilidad,Moderada
2023-12,M01,Agropecuario,4.4846,9.28,13.1532,1.4694,-1.2047,3948.2068,-17.548,-1.2047,-14.0384,0.6518,0.53,0.9018,0.0714,0.03,0.4799,S3,Estabilidad,Moderada
2024-01,M01,Agropecuario,8.9868,8.35,13.0,8.2596,-3.031,3915.1987,-16.9665,-3.031,-13.5732,0.9107,0.9,0.9464,0.0893,0.04,0.5845,S3,Estabilidad,Moderada
2024-02,M01,Agropecuario,9.3653,7.74,12.75,-1.0444,-3.4129,3931.4386,-18.1481,-3.4129,-14.51848,0.9196,0.34,0.9643,0.1161,0.01,0.5269,S3,Estabilidad,Moderada
2024-03,M01,Agropecuario,-3.5687,7.36,12.6532,-5.8972,-2.4351,3899.3413,-18.1894,-2.4351,-14.55152,0.0446,0.09,0.9375,0.125,0.0,0.3696,S4,Decrecimiento,Media
2024-04,M01,Agropecuario,8.3328,7.16,12.25,-3.3323,3.34,3867.9753,-14.8525,3.34,-11.882,0.8661,0.14,0.7143,0.1339,0.06,0.4206,S3,Estabilidad,Moderada
2024-05,M01,Agropecuario,7.1695,7.16,11.7661,-0.6091,7.683,3869.1006,-14.7792,7.683,-11.823360000000001,0.8125,0.37,0.4375,0.1518,0.07,0.3591,S4,Decrecimiento,Media
2024-06,M01,Agropecuario,1.629,7.18,11.75,0.5042,12.4041,4042.797,-3.9549,12.4041,-3.16392,0.3482,0.47,0.3125,0.1607,0.26,0.2814,S4,Decrecimiento,Media
2024-07,M01,Agropecuario,13.8119,6.86,11.2661,0.8902,14.75,4036.9219,-0.794,14.75,-0.6352000000000001,0.9732,0.5,0.2321,0.1786,0.36,0.3554,S4,Decrecimiento,Media
2024-08,M01,Agropecuario,6.6892,6.12,10.75,2.3109,7.2834,4065.5465,-0.1272,7.2834,-0.10176000000000002,0.7946,0.62,0.4554,0.2143,0.42,0.4358,S3,Estabilidad,Moderada
2024-09,M01,Agropecuario,5.0755,5.81,10.75,3.0892,7.832,4182.5123,4.4448,7.832,3.55584,0.7232,0.7,0.4196,0.2143,0.54,0.4312,S3,Estabilidad,Moderada
2024-10,M01,Agropecuario,8.581,5.41,10.25,-1.5716,8.5352,4249.47,0.6403,8.5352,0.51224,0.8839,0.3,0.4018,0.2321,0.45,0.3968,S4,Decrecimiento,Media
2024-11,M01,Agropecuario,0.8401,5.2,9.75,-1.2177,13.5965,4408.6523,9.1574,13.5965,7.325920000000001,0.2857,0.33,0.2589,0.2589,0.68,0.2944,S4,Decrecimiento,Media
2024-12,M01,Agropecuario,7.3483,5.2,9.6774,1.1767,16.5723,4385.1487,11.0668,16.5723,8.85344,0.8214,0.52,0.1964,0.2679,0.74,0.3776,S4,Decrecimiento,Media
2025-01,M01,Agropecuario,2.3688,5.22,9.5,0.5125,16.0003,4307.5674,10.0217,16.0003,8.01736,0.4821,0.48,0.2054,0.3036,0.7,0.3398,S4,Decrecimiento,Media
2025-02,M01,Agropecuario,0.5503,5.28,9.5,4.0455,15.8551,4127.9539,4.9986,15.8551,3.9988799999999998,0.2679,0.76,0.2143,0.3036,0.56,0.3424,S4,Decrecimiento,Media
2025-03,M01,Agropecuario,10.3021,5.09,9.5,11.5258,15.344,4137.6845,6.1124,15.344,4.88992,0.9464,0.99,0.2232,0.3036,0.59,0.4688,S3,Estabilidad,Moderada
2025-04,M01,Agropecuario,7.6561,5.16,9.5,0.77,11.4923,4280.258,10.6589,11.4923,8.52712,0.8482,0.49,0.3393,0.3036,0.72,0.4358,S3,Estabilidad,Moderada
2025-05,M01,Agropecuario,2.5976,5.05,9.2581,1.9153,7.9733,4203.3771,8.6396,7.9733,6.9116800000000005,0.5179,0.58,0.4107,0.3125,0.66,0.426,S3,Estabilidad,Moderada
2025-06,M01,Agropecuario,5.991,4.82,9.25,1.4798,3.7301,4113.485,1.7485,3.7301,1.3988,0.7679,0.54,0.6875,0.3839,0.48,0.5611,S3,Estabilidad,Moderada
2025-07,M01,Agropecuario,1.8679,4.9,9.25,1.8789,7.3515,4040.8484,0.0973,7.3515,0.07784,0.3929,0.57,0.4464,0.3839,0.44,0.4328,S3,Estabilidad,Moderada
2025-08,M01,Agropecuario,2.4518,5.1,9.25,-6.9874,13.1508,4047.4116,-0.4461,13.1508,-0.35688000000000003,0.4911,0.04,0.2679,0.3839,0.4,0.3167,S4,Decrecimiento,Media
2025-09,M01,Agropecuario,5.8641,5.18,9.25,3.7535,14.5152,3922.212,-6.2235,14.5152,-4.9788,0.75,0.73,0.25,0.3839,0.2,0.4245,S3,Estabilidad,Moderada
2025-10,M01,Agropecuario,3.2578,5.51,9.25,10.3742,11.972,3877.8448,-8.7452,11.972,-6.996160000000001,0.5625,0.96,0.3304,0.3839,0.17,0.4536,S3,Estabilidad,Moderada
2025-11,M01,Agropecuario,-0.5746,5.3,9.25,9.4954,2.9303,3786.1833,-14.1193,2.9303,-11.295440000000001,0.2143,0.94,0.7411,0.3839,0.09,0.5343,S3,Estabilidad,Moderada
2025-12,M01,Agropecuario,-3.9012,5.1,9.25,-1.3448,-1.6879,3791.4719,-13.5384,-1.6879,-10.83072,0.0357,0.32,0.9196,0.3839,0.11,0.4895,S3,Estabilidad,Moderada
2026-01,M01,Agropecuario,-3.1317,5.35,9.25,0.0274,2.9037,3702.999,-14.035,2.9037,-11.228000000000002,0.0714,0.42,0.75,0.3839,0.1,0.4511,S3,Estabilidad,Moderada
2026-02,M01,Agropecuario,-2.5461,5.29,10.2143,-10.7995,3.017,3675.6414,-10.9573,3.017,-8.76584,0.125,0.02,0.7321,0.2411,0.12,0.3514,S4,Decrecimiento,Media
2026-03,M01,Agropecuario,1.9976,5.56,10.25,-6.5681,4.0544,3717.5574,-10.1537,4.0544,-8.12296,0.4107,0.06,0.6607,0.2321,0.14,0.3698,S4,Decrecimiento,Media
2026-04,M01,Agropecuario,1.9976,5.09,11.25,-6.5681,3.4875,3617.5187,-15.4836,3.4875,-12.38688,0.4107,0.06,0.6964,0.1875,0.05,0.3609,S4,Decrecimiento,Media
2015-01,M02,Minería y energía,-0.5304,3.82,4.5,,,2397.2581,-15.4836,3.82,-15.4836,0.5982,,0.4554,0.7857,0.0446,0.586,S3,Estabilidad,Moderada
2015-02,M02,Minería y energía,-6.552,4.36,4.5,,,2420.6725,-15.4836,4.36,-15.4836,0.0982,,0.4464,0.7857,0.0446,0.5047,S3,Estabilidad,Moderada
2015-03,M02,Minería y energía,-0.6795,4.56,4.5,,,2585.3623,-15.4836,4.56,-15.4836,0.5625,,0.4107,0.7857,0.0446,0.5636,S3,Estabilidad,Moderada
2015-04,M02,Minería y energía,6.5793,4.64,4.5,,,2505.248,-15.4836,4.64,-15.4836,0.9554,,0.3839,0.7857,0.0446,0.6147,S2,Crecimiento,Moderada
2015-05,M02,Minería y energía,4.1025,4.41,4.5,,,2437.5352,-15.4836,4.41,-15.4836,0.8661,,0.4375,0.7857,0.0446,0.621,S2,Crecimiento,Moderada
2015-06,M02,Minería y energía,-1.0428,4.42,4.5,,,2562.4777,-15.4836,4.42,-15.4836,0.5179,,0.4286,0.7857,0.0446,0.5634,S3,Estabilidad,Moderada
2015-07,M02,Minería y energía,-1.7893,4.46,4.5,,,2732.0358,-15.4836,4.46,-15.4836,0.4643,,0.4196,0.7857,0.0446,0.5516,S3,Estabilidad,Moderada
2015-08,M02,Minería y energía,-3.8652,4.74,4.5,,,3012.5874,-15.4836,4.74,-15.4836,0.375,,0.375,0.7857,0.0446,0.5209,S3,Estabilidad,Moderada
2015-09,M02,Minería y energía,-2.3614,5.35,4.525,,,3066.408,-15.4836,5.35,-15.4836,0.4286,,0.3571,0.6964,0.0446,0.4863,S3,Estabilidad,Moderada
2015-10,M02,Minería y energía,-2.2796,5.89,4.75,,,2929.4723,-15.4836,5.89,-15.4836,0.4464,,0.3482,0.6786,0.0446,0.4785,S3,Estabilidad,Moderada
2015-11,M02,Minería y energía,-0.5719,6.39,5.225,,,3001.3763,-15.4836,6.39,-15.4836,0.5893,,0.3393,0.6429,0.0446,0.483,S3,Estabilidad,Moderada
2015-12,M02,Minería y energía,-2.9368,6.77,5.5887,,,3244.2016,-15.4836,6.77,-15.4836,0.4107,,0.3125,0.6071,0.0446,0.4305,S3,Estabilidad,Moderada
2016-01,M02,Minería y energía,-5.1769,7.45,5.75,-17.1722,-7.4762,3270.1952,36.414,-7.4762,36.414,0.2232,0.03,0.6875,0.5982,0.9821,0.5237,S3,Estabilidad,Moderada
2016-02,M02,Minería y energía,4.4402,7.59,6.069,-15.4176,3.5899,3354.9569,38.5961,3.5899,38.5961,0.875,0.05,0.4643,0.5625,0.9911,0.5294,S3,Estabilidad,Moderada
2016-03,M02,Minería y energía,-4.1437,7.98,6.3306,35.2231,-6.5543,3128.789,21.0194,-6.5543,21.0194,0.3393,0.98,0.6696,0.5446,0.9286,0.6349,S2,Crecimiento,Moderada
2016-04,M02,Minería y energía,-5.4662,7.93,6.5,-10.3669,-4.0106,2997.727,19.6579,-4.0106,19.6579,0.1964,0.12,0.6429,0.5357,0.9018,0.4908,S3,Estabilidad,Moderada
2016-05,M02,Minería y energía,-4.3783,8.2,6.9919,-3.9212,-1.7321,2993.5084,22.8088,-1.7321,22.8088,0.3214,0.3,0.5804,0.5179,0.9464,0.5066,S3,Estabilidad,Moderada
2016-06,M02,Minería y energía,-3.2024,8.6,7.3167,-6.0658,-7.5846,2992.8587,16.7955,-7.5846,16.7955,0.3839,0.23,0.7054,0.4911,0.8839,0.5343,S3,Estabilidad,Moderada
2016-07,M02,Minería y energía,0.2591,8.97,7.5,-14.0403,-9.645,2960.9997,8.3807,-9.645,8.3807,0.6696,0.07,0.7679,0.4732,0.6875,0.5559,S3,Estabilidad,Moderada
2016-08,M02,Minería y energía,-1.383,8.1,7.75,-14.5955,-12.3267,2952.7668,-1.9857,-12.3267,-1.9857,0.4911,0.06,0.7857,0.4375,0.4107,0.5088,S3,Estabilidad,Moderada
2016-09,M02,Minería y energía,-1.6535,7.27,7.75,0.427,-8.7804,2924.2653,-4.6355,-8.7804,-4.6355,0.4821,0.37,0.7321,0.4375,0.3214,0.5253,S3,Estabilidad,Moderada
2016-10,M02,Minería y energía,-4.4493,6.48,7.75,15.0571,0.0221,2929.3887,-0.0029,0.0221,-0.0029,0.3125,0.81,0.5357,0.4375,0.4911,0.5039,S3,Estabilidad,Moderada
2016-11,M02,Minería y energía,-5.1721,5.96,7.75,-21.3372,7.1357,3110.2587,3.6277,7.1357,3.6277,0.2321,0.0,0.3036,0.4375,0.5536,0.3153,S4,Decrecimiento,Media
2016-12,M02,Minería y energía,-3.9113,5.75,7.6452,-16.0229,0.4521,3009.8639,-7.2233,0.4521,-7.2233,0.3661,0.04,0.5179,0.4464,0.2679,0.3967,S4,Decrecimiento,Media
2017-01,M02,Minería y energía,-5.0624,5.47,7.5,17.1462,8.3672,2941.3994,-10.0543,8.3672,-10.0543,0.2411,0.84,0.2857,0.4732,0.2411,0.4151,S3,Estabilidad,Moderada
2017-02,M02,Minería y energía,-8.7549,5.18,7.4821,-1.6339,9.8853,2879.5668,-14.1698,9.8853,-14.1698,0.0357,0.35,0.2589,0.4821,0.1786,0.3148,S4,Decrecimiento,Media
2017-03,M02,Minería y energía,-7.441,4.69,7.2097,-13.3125,1.1906,2942.2861,-5.9609,1.1906,-5.9609,0.0625,0.08,0.5,0.5,0.2946,0.3752,S4,Decrecimiento,Media
2017-04,M02,Minería y energía,-5.583,4.66,7.0,19.2123,3.4076,2877.8217,-3.9999,3.4076,-3.9999,0.1875,0.87,0.4911,0.5089,0.3304,0.4966,S3,Estabilidad,Moderada
2017-05,M02,Minería y energía,-2.7407,4.37,6.5,1.3028,-3.9401,2923.6129,-2.3349,-3.9401,-2.3349,0.4196,0.43,0.6339,0.5357,0.3839,0.5303,S3,Estabilidad,Moderada
2017-06,M02,Minería y energía,-5.4101,3.99,6.25,9.7734,-9.0266,2957.0983,-1.1949,-9.0266,-1.1949,0.2143,0.71,0.75,0.5536,0.4196,0.5851,S3,Estabilidad,Moderada
2017-07,M02,Minería y energía,-6.5443,3.4,5.7661,25.7872,-3.4235,3036.5839,2.5527,-3.4235,2.5527,0.1071,0.93,0.6161,0.5893,0.5446,0.5744,S3,Estabilidad,Moderada
2017-08,M02,Minería y energía,-6.037,3.87,5.5,13.2288,0.384,2973.2048,0.6922,0.384,0.6922,0.1518,0.76,0.5268,0.6161,0.5179,0.5371,S3,Estabilidad,Moderada
2017-09,M02,Minería y energía,-8.1169,3.97,5.25,-7.5362,3.4725,2917.085,-0.2455,3.4725,-0.2455,0.0446,0.2,0.4821,0.625,0.4732,0.4361,S3,Estabilidad,Moderada
2017-10,M02,Minería y energía,-1.1944,4.05,5.2339,-17.9536,4.5931,2953.7558,0.8318,4.5931,0.8318,0.5,0.02,0.4018,0.6339,0.5268,0.4543,S3,Estabilidad,Moderada
2017-11,M02,Minería y energía,-5.6796,4.12,4.9667,5.2945,5.3366,3013.4667,-3.112,5.3366,-3.112,0.1696,0.56,0.3661,0.6607,0.3661,0.4684,S3,Estabilidad,Moderada
2017-12,M02,Minería y energía,-6.2019,4.09,4.75,8.7051,13.8419,2991.7619,-0.6014,13.8419,-0.6014,0.1429,0.68,0.2232,0.6786,0.4464,0.4441,S3,Estabilidad,Moderada
2018-01,M02,Minería y energía,-5.0485,3.68,4.7339,5.7844,16.1152,2868.5723,-2.4759,16.1152,-2.4759,0.2589,0.58,0.2054,0.6875,0.375,0.4403,S3,Estabilidad,Moderada
2018-02,M02,Minería y energía,-6.2462,3.37,4.5,7.6513,16.0522,2860.2529,-0.6707,16.0522,-0.6707,0.1339,0.65,0.2143,0.7857,0.4375,0.4733,S3,Estabilidad,Moderada
2018-03,M02,Minería y energía,-2.3498,3.14,4.5,15.18,17.3346,2847.9306,-3.2069,17.3346,-3.2069,0.4375,0.82,0.1964,0.7857,0.3571,0.5263,S3,Estabilidad,Moderada
2018-04,M02,Minería y energía,-3.0481,3.13,4.4917,2.2109,20.9828,2766.285,-3.8757,20.9828,-3.8757,0.3929,0.45,0.1696,0.7946,0.3482,0.4662,S3,Estabilidad,Moderada
2018-05,M02,Minería y energía,-4.6429,3.16,4.25,17.8007,36.3876,2861.8258,-2.1134,36.3876,-2.1134,0.2946,0.85,0.1161,0.9732,0.4018,0.553,S3,Estabilidad,Moderada
2018-06,M02,Minería y energía,-0.9692,3.2,4.25,-6.1709,38.4919,2889.689,-2.2796,38.4919,-2.2796,0.5357,0.22,0.0893,0.9732,0.3929,0.4948,S3,Estabilidad,Moderada
2018-07,M02,Minería y energía,-1.8361,3.12,4.25,0.4493,30.0093,2885.3219,-4.9813,30.0093,-4.9813,0.4554,0.39,0.1429,0.9732,0.3125,0.5192,S3,Estabilidad,Moderada
2018-08,M02,Minería y energía,0.8034,3.1,4.25,2.4938,23.8385,2958.6668,-0.489,23.8385,-0.489,0.7143,0.46,0.1607,0.9732,0.4554,0.577,S3,Estabilidad,Moderada
2018-09,M02,Minería y energía,1.2938,3.23,4.25,12.6465,31.1871,3033.768,4.0,31.1871,4.0,0.7411,0.75,0.1339,0.9732,0.5714,0.6156,S2,Crecimiento,Moderada
2018-10,M02,Minería y energía,-6.9166,3.33,4.25,19.0137,31.8695,3084.831,4.4376,31.8695,4.4376,0.0804,0.86,0.125,0.9732,0.5804,0.5378,S3,Estabilidad,Moderada
2018-11,M02,Minería y energía,4.6685,3.27,4.25,14.5181,9.8282,3194.0343,5.992,9.8282,5.992,0.8839,0.79,0.2679,0.9732,0.625,0.687,S2,Crecimiento,Moderada
2018-12,M02,Minería y energía,5.2813,3.18,4.25,-4.4816,-1.5042,3218.551,7.5805,-1.5042,7.5805,0.9286,0.28,0.5625,0.9732,0.6696,0.7262,S2,Crecimiento,Moderada
2019-01,M02,Minería y energía,6.8225,3.15,4.25,-7.5692,-1.5959,3165.1881,10.3402,-1.5959,10.3402,0.9732,0.19,0.5714,0.9732,0.7411,0.7274,S2,Crecimiento,Moderada
2019-02,M02,Minería y energía,3.3479,3.01,4.25,-9.0828,6.608,3115.8386,8.9358,6.608,8.9358,0.8304,0.16,0.3214,0.9732,0.7054,0.6201,S2,Crecimiento,Moderada
2019-03,M02,Minería y energía,3.6118,3.21,4.25,-2.2345,10.5044,3128.6842,9.8582,10.5044,9.8582,0.8571,0.32,0.25,0.9732,0.7232,0.622,S2,Crecimiento,Moderada
2019-04,M02,Minería y energía,3.5782,3.25,4.25,0.4456,12.1559,3155.765,14.0795,12.1559,14.0795,0.8393,0.38,0.2321,0.9732,0.8393,0.6277,S2,Crecimiento,Moderada
2019-05,M02,Minería y energía,-0.589,3.31,4.25,4.7741,6.5688,3304.4945,15.4681,6.5688,15.4681,0.5804,0.54,0.3304,0.9732,0.8661,0.647,S2,Crecimiento,Moderada
2019-06,M02,Minería y energía,-0.9636,3.43,4.25,9.4622,-0.7842,3260.517,12.8328,-0.7842,12.8328,0.5446,0.7,0.5536,0.9732,0.8125,0.7332,S2,Crecimiento,Moderada
2019-07,M02,Minería y energía,0.2937,3.79,4.25,-7.9731,-2.2618,3206.6003,11.1349,-2.2618,11.1349,0.6786,0.18,0.5893,0.9732,0.7768,0.6939,S2,Crecimiento,Moderada
2019-08,M02,Minería y energía,-0.3927,3.75,4.25,-8.0368,-4.1969,3410.729,15.2793,-4.1969,15.2793,0.6161,0.17,0.6518,0.9732,0.8571,0.709,S2,Crecimiento,Moderada
2019-09,M02,Minería y energía,0.1743,3.82,4.25,-1.8019,-8.8576,3399.457,12.054,-8.8576,12.054,0.6607,0.33,0.7411,0.9732,0.8036,0.7622,S2,Crecimiento,Moderada
2019-10,M02,Minería y energía,6.3065,3.86,4.25,-7.0419,-14.6574,3433.3116,11.2966,-14.6574,11.2966,0.9464,0.21,0.8571,0.9732,0.7857,0.8225,S1,Aceleración,Baja
2019-11,M02,Minería y energía,1.8401,3.84,4.25,24.5262,-2.7534,3401.473,6.4946,-2.7534,6.4946,0.7857,0.92,0.6071,0.9732,0.6429,0.8029,S1,Aceleración,Baja
2019-12,M02,Minería y energía,-0.4588,3.8,4.25,6.3906,9.7112,3378.0506,4.9556,9.7112,4.9556,0.6071,0.6,0.2768,0.9732,0.5982,0.6264,S2,Crecimiento,Moderada
2020-01,M02,Minería y energía,-5.2741,3.62,4.25,16.1969,2.5292,3311.1894,4.6127,2.5292,4.6127,0.2232,0.83,0.4911,0.9732,0.5982,0.6744,S2,Crecimiento,Moderada
2020-02,M02,Minería y energía,1.6316,3.72,4.25,44.28630932334072,-11.2415,3411.0528,9.4746,-11.2415,9.4746,0.7679,0.99,0.7768,0.9732,0.7232,0.8696,S1,Aceleración,Baja
2020-03,M02,Minería y energía,-8.309,3.86,4.2177,4.5943,-33.6208,3877.0484,23.9195,-33.6208,23.9195,0.0446,0.53,0.9821,0.9732,0.9554,0.7918,S2,Crecimiento,Moderada
2020-04,M02,Minería y energía,-27.2894,3.51,3.75,8.0645,-51.9265,3977.3933,26.0358,-51.9265,26.0358,0.0,0.67,1.0,0.9911,0.9732,0.817,S1,Aceleración,Baja
2020-05,M02,Minería y energía,-17.5587,2.85,3.2984,-9.0187,-46.4807,3858.1916,16.7559,-46.4807,16.7559,0.0,0.17,1.0,0.9911,0.8839,0.7474,S2,Crecimiento,Moderada
2020-06,M02,Minería y energía,-14.4928,2.19,2.75,23.7835,-29.0462,3701.6043,13.5281,-29.0462,13.5281,0.0089,0.92,0.9464,1.0,0.8304,0.8284,S1,Aceleración,Baja
2020-07,M02,Minería y energía,-15.8769,1.97,2.5,8.3068,-20.2049,3657.8668,14.0731,-20.2049,14.0731,0.0,0.68,0.8839,1.0,0.8393,0.7761,S2,Crecimiento,Moderada
2020-08,M02,Minería y energía,-16.3686,1.88,2.2661,4.3522,-13.5691,3783.0258,10.9155,-13.5691,10.9155,0.0,0.53,0.8125,1.0,0.7679,0.7294,S2,Crecimiento,Moderada
2020-09,M02,Minería y energía,-22.0379,1.97,1.975,-0.0565,-20.6436,3750.2153,10.3181,-20.6436,10.3181,0.0,0.36,0.9018,1.0,0.7411,0.7352,S2,Crecimiento,Moderada
2020-10,M02,Minería y energía,-15.8752,1.75,1.75,24.0018,-17.3154,3833.7884,11.6644,-17.3154,11.6644,0.0,0.92,0.8661,1.0,0.8036,0.7994,S2,Crecimiento,Moderada
2020-11,M02,Minería y energía,-21.3016,1.49,1.75,-18.032,-17.5308,3685.6267,8.3538,-17.5308,8.3538,0.0,0.02,0.8661,1.0,0.6875,0.6766,S2,Crecimiento,Moderada
2020-12,M02,Minería y energía,-19.4147,1.61,1.75,22.4193,-17.7746,3466.1271,2.6073,-17.7746,2.6073,0.0,0.92,0.8661,1.0,0.5536,0.7859,S2,Crecimiento,Moderada
2021-01,M02,Minería y energía,-16.6063,1.6,1.75,-4.588,-5.9976,3491.3216,5.4401,-5.9976,5.4401,0.0,0.28,0.6607,1.0,0.625,0.6395,S2,Crecimiento,Moderada
2021-02,M02,Minería y energía,-15.2409,1.56,1.75,-6.9267,15.0826,3554.5043,4.2055,15.0826,4.2055,0.0,0.22,0.2143,1.0,0.5804,0.4827,S3,Estabilidad,Moderada
2021-03,M02,Minería y energía,-6.8313,1.51,1.75,13.6203,58.8657,3612.7684,-6.8165,58.8657,-6.8165,0.0982,0.77,0.0714,1.0,0.2857,0.5045,S3,Estabilidad,Moderada
2021-04,M02,Minería y energía,16.2747,1.95,1.75,37.9687,107.533,3650.776,-8.2118,107.533,-8.2118,1.0,0.99,0.0,1.0,0.2679,0.6309,S2,Crecimiento,Moderada
2021-05,M02,Minería y energía,0.3337,3.3,1.75,-26.1597,91.5973,3735.6661,-3.1757,91.5973,-3.1757,0.6875,0.0,0.0089,1.0,0.3661,0.4685,S3,Estabilidad,Moderada
2021-06,M02,Minería y energía,-0.4735,3.63,1.75,44.28630932334072,64.4177,3685.0427,-0.4474,64.4177,-0.4474,0.6071,0.99,0.0625,1.0,0.4643,0.6087,S2,Crecimiento,Moderada
2021-07,M02,Minería y energía,-2.9402,3.97,1.75,-14.7101,55.3645,3829.4181,4.6899,55.3645,4.6899,0.4107,0.06,0.0714,1.0,0.5982,0.4718,S3,Estabilidad,Moderada
2021-08,M02,Minería y energía,-3.3385,4.44,1.75,44.28630932334072,49.8848,3881.1835,2.5947,49.8848,2.5947,0.3839,0.99,0.0804,1.0,0.5536,0.5891,S3,Estabilidad,Moderada
2021-09,M02,Minería y energía,10.8846,4.51,1.75,39.3127,63.4793,3821.5377,1.9018,63.4793,1.9018,1.0,0.99,0.0625,1.0,0.5446,0.6664,S2,Crecimiento,Moderada
2021-10,M02,Minería y energía,0.286,4.58,2.0,44.28630932334072,74.5661,3773.3842,-1.5756,74.5661,-1.5756,0.6786,0.99,0.0446,1.0,0.4196,0.6101,S2,Crecimiento,Moderada
2021-11,M02,Minería y energía,14.3351,5.26,2.4833,22.3877,80.7602,3902.901,5.8952,80.7602,5.8952,1.0,0.92,0.0179,1.0,0.625,0.647,S2,Crecimiento,Moderada
2021-12,M02,Minería y energía,10.8548,5.62,2.6935,32.7843,70.3527,3963.1335,14.339,70.3527,14.339,1.0,0.98,0.0446,1.0,0.8482,0.6756,S2,Crecimiento,Moderada
2022-01,M02,Minería y energía,5.0357,6.94,3.0323,44.28630932334072,66.5465,3999.6161,14.5588,66.5465,14.5588,0.9107,0.99,0.0536,1.0,0.8482,0.6677,S2,Crecimiento,Moderada
2022-02,M02,Minería y energía,1.0624,8.01,4.0,7.4535,62.5853,3935.8357,10.7281,62.5853,10.7281,0.7232,0.64,0.0714,0.9911,0.7589,0.5948,S3,Estabilidad,Moderada
2022-03,M02,Minería y energía,-1.1339,8.53,4.0,27.1509,79.3729,3807.171,5.381,79.3729,5.381,0.5089,0.95,0.0357,0.9911,0.6161,0.5865,S3,Estabilidad,Moderada
2022-04,M02,Minería y energía,0.7989,9.23,5.0,6.0378,94.2543,3792.982,3.8952,94.2543,3.8952,0.7054,0.59,0.0089,0.6518,0.5625,0.4352,S3,Estabilidad,Moderada
2022-05,M02,Minería y energía,6.6984,9.07,5.9677,14.1231,90.4965,4019.0794,7.5867,90.4965,7.5867,0.9643,0.78,0.0179,0.5804,0.6786,0.479,S3,Estabilidad,Moderada
2022-06,M02,Minería y energía,2.7602,9.67,6.0,12.2717,79.7752,3930.7667,6.6681,79.7752,6.6681,0.8125,0.74,0.0268,0.5714,0.6518,0.4515,S3,Estabilidad,Moderada
2022-07,M02,Minería y energía,10.4076,10.21,7.5,16.8243,75.9185,4367.8058,14.0593,75.9185,14.0593,0.9911,0.83,0.0446,0.4732,0.8304,0.4682,S3,Estabilidad,Moderada
2022-08,M02,Minería y energía,10.1784,10.84,9.0,7.256,66.3812,4322.4694,11.3699,66.3812,11.3699,0.9821,0.63,0.0625,0.4018,0.7946,0.4199,S3,Estabilidad,Moderada
2022-09,M02,Minería y energía,-0.6943,11.44,9.0333,-4.7698,54.3622,4433.651,16.0175,54.3622,16.0175,0.5536,0.27,0.0804,0.3929,0.875,0.3222,S4,Decrecimiento,Media
2022-10,M02,Minería y energía,-0.287,12.22,10.0323,4.0281,38.413,4711.8303,24.8701,38.413,24.8701,0.6339,0.52,0.0982,0.25,0.9554,0.3252,S4,Decrecimiento,Media
2022-11,M02,Minería y energía,-9.1888,12.53,11.0,19.2437,38.2277,4926.6607,26.2307,38.2277,26.2307,0.0268,0.88,0.1071,0.1964,0.9732,0.2745,S4,Decrecimiento,Media
2022-12,M02,Minería y energía,-5.4143,13.12,11.4194,26.0927,29.2012,4788.4906,20.8259,29.2012,20.8259,0.2054,0.94,0.1518,0.1696,0.9196,0.3088,S4,Decrecimiento,Media
2023-01,M02,Minería y energía,1.9571,13.25,12.0484,-1.7585,17.5728,4715.2039,17.8914,17.5728,17.8914,0.7946,0.34,0.1786,0.1429,0.8929,0.309,S4,Decrecimiento,Media
2023-02,M02,Minería y energía,0.7754,13.28,12.75,6.9392,4.5992,4803.1125,22.0354,4.5992,22.0354,0.6875,0.61,0.3929,0.1161,0.9375,0.3927,S4,Decrecimiento,Media
2023-03,M02,Minería y energía,5.6946,13.34,12.7581,-21.2518,-14.245,4766.3058,25.1928,-14.245,25.1928,0.9375,0.01,0.8393,0.0982,0.9643,0.4907,S3,Estabilidad,Moderada
2023-04,M02,Minería y energía,3.0445,12.82,13.0,0.6277,-21.8518,4542.6743,19.7652,-21.8518,19.7652,0.8214,0.4,0.9107,0.0893,0.9107,0.5428,S3,Estabilidad,Moderada
2023-05,M02,Minería y energía,5.1965,12.36,13.2419,-5.6442,-30.9213,4540.089,12.9634,-30.9213,12.9634,0.9196,0.24,0.9643,0.0625,0.8214,0.5388,S3,Estabilidad,Moderada
2023-06,M02,Minería y energía,1.8047,12.13,13.25,2.6844,-36.7779,4209.268,7.0852,-36.7779,7.0852,0.7768,0.49,0.9911,0.0536,0.6607,0.5488,S3,Estabilidad,Moderada
2023-07,M02,Minería y energía,1.2844,11.78,13.25,7.7527,-37.1624,4069.2335,-6.8358,-37.1624,-6.8358,0.7321,0.66,1.0,0.0536,0.2768,0.5469,S3,Estabilidad,Moderada
2023-08,M02,Minería y energía,-0.1288,11.43,13.25,-12.8444,-31.4416,4070.7252,-5.8241,-31.4416,-5.8241,0.6518,0.09,0.9821,0.0536,0.3036,0.4578,S3,Estabilidad,Moderada
2023-09,M02,Minería y energía,4.9466,10.99,13.25,4.6884,-25.2648,4004.5207,-9.6789,-25.2648,-9.6789,0.8929,0.53,0.9375,0.0536,0.25,0.53,S3,Estabilidad,Moderada
2023-10,M02,Minería y energía,1.6323,10.48,13.25,10.2507,-19.7662,4222.4332,-10.3866,-19.7662,-10.3866,0.7679,0.72,0.8839,0.0536,0.2232,0.5186,S3,Estabilidad,Moderada
2023-11,M02,Minería y energía,4.9514,10.15,13.25,1.1603,-31.3986,4038.8047,-18.0215,-31.3986,-18.0215,0.9018,0.42,0.9732,0.0536,0.0179,0.5161,S3,Estabilidad,Moderada
2023-12,M02,Minería y energía,-0.1389,9.28,13.1532,8.1838,-29.8541,3948.2068,-17.548,-29.8541,-17.548,0.6429,0.67,0.9554,0.0714,0.0268,0.5143,S3,Estabilidad,Moderada
2024-01,M02,Minería y energía,0.7987,8.35,13.0,-9.105,-28.2199,3915.1987,-16.9665,-28.2199,-16.9665,0.6964,0.15,0.9464,0.0893,0.0357,0.458,S3,Estabilidad,Moderada
2024-02,M02,Minería y energía,-3.0406,7.74,12.75,1.3897,-23.7952,3931.4386,-18.1481,-23.7952,-18.1481,0.4018,0.44,0.9286,0.1161,0.0089,0.4578,S3,Estabilidad,Moderada
2024-03,M02,Minería y energía,-4.8713,7.36,12.6532,29.3912,-20.4885,3899.3413,-18.1894,-20.4885,-18.1894,0.2679,0.97,0.9018,0.125,0.0,0.5021,S3,Estabilidad,Moderada
2024-04,M02,Minería y energía,3.6048,7.16,12.25,3.0999,-12.9639,3867.9753,-14.8525,-12.9639,-14.8525,0.8482,0.5,0.8036,0.1339,0.1607,0.4995,S3,Estabilidad,Moderada
2024-05,M02,Minería y energía,-4.2464,7.16,11.7661,2.5896,-14.3643,3869.1006,-14.7792,-14.3643,-14.7792,0.3304,0.48,0.8482,0.1518,0.1696,0.4481,S3,Estabilidad,Moderada
2024-06,M02,Minería y energía,-4.0869,7.18,11.75,-4.4167,0.6096,4042.797,-3.9549,0.6096,-3.9549,0.3571,0.29,0.5089,0.1607,0.3393,0.328,S4,Decrecimiento,Media
2024-07,M02,Minería y energía,-4.5962,6.86,11.2661,-10.2287,-0.594,4036.9219,-0.794,-0.594,-0.794,0.3036,0.13,0.5446,0.1786,0.4286,0.3229,S4,Decrecimiento,Media
2024-08,M02,Minería y energía,-4.7583,6.12,10.75,8.969,-7.5141,4065.5465,-0.1272,-7.5141,-0.1272,0.2857,0.69,0.6964,0.2143,0.4821,0.4583,S3,Estabilidad,Moderada
2024-09,M02,Minería y energía,-6.0213,5.81,10.75,13.9338,-12.8711,4182.5123,4.4448,-12.8711,4.4448,0.1607,0.77,0.7946,0.2143,0.5893,0.4897,S3,Estabilidad,Moderada
2024-10,M02,Minería y energía,-0.3132,5.41,10.25,3.4465,-13.5701,4249.47,0.6403,-13.5701,0.6403,0.625,0.51,0.8214,0.2321,0.5089,0.5298,S3,Estabilidad,Moderada
2024-11,M02,Minería y energía,-6.4456,5.2,9.75,7.1003,-3.9214,4408.6523,9.1574,-3.9214,9.1574,0.1161,0.62,0.625,0.2589,0.7143,0.431,S3,Estabilidad,Moderada
2024-12,M02,Minería y energía,-6.8706,5.2,9.6774,-9.7251,3.5426,4385.1487,11.0668,3.5426,11.0668,0.0893,0.14,0.4732,0.2679,0.7679,0.3215,S4,Decrecimiento,Media
2025-01,M02,Minería y energía,-6.3255,5.22,9.5,14.7656,8.0596,4307.5674,10.0217,8.0596,10.0217,0.125,0.8,0.2946,0.3036,0.7321,0.3638,S4,Decrecimiento,Media
2025-02,M02,Minería y energía,-0.6786,5.28,9.5,5.1682,-2.5282,4127.9539,4.9986,-2.5282,4.9986,0.5714,0.55,0.5982,0.3036,0.6071,0.4849,S3,Estabilidad,Moderada
2025-03,M02,Minería y energía,-5.6017,5.09,9.5,0.4067,-5.4615,4137.6845,6.1124,-5.4615,6.1124,0.1786,0.36,0.6607,0.3036,0.6339,0.429,S3,Estabilidad,Moderada
2025-04,M02,Minería y energía,-14.6675,5.16,9.5,-3.8078,-13.5082,4280.258,10.6589,-13.5082,10.6589,0.0,0.31,0.8125,0.3036,0.75,0.4544,S3,Estabilidad,Moderada
2025-05,M02,Minería y energía,-13.1433,5.05,9.2581,0.652,-8.0263,4203.3771,8.6396,-8.0263,8.6396,0.0089,0.41,0.7143,0.3125,0.6964,0.4365,S3,Estabilidad,Moderada
2025-06,M02,Minería y energía,-5.0547,4.82,9.25,21.2749,-9.3718,4113.485,1.7485,-9.3718,1.7485,0.25,0.89,0.7589,0.3839,0.5357,0.5626,S3,Estabilidad,Moderada
2025-07,M02,Minería y energía,-10.1256,4.9,9.25,10.6699,-10.0242,4040.8484,0.0973,-10.0242,0.0973,0.0179,0.73,0.7768,0.3839,0.5,0.5143,S3,Estabilidad,Moderada
2025-08,M02,Minería y energía,-7.0163,5.1,9.25,2.5638,-6.8688,4047.4116,-0.4461,-6.8688,-0.4461,0.0714,0.47,0.6786,0.3839,0.4643,0.4537,S3,Estabilidad,Moderada
2025-09,M02,Minería y energía,-4.8403,5.18,9.25,-10.9108,-8.5326,3922.212,-6.2235,-8.5326,-6.2235,0.2768,0.1,0.7232,0.3839,0.2857,0.4387,S3,Estabilidad,Moderada
2025-10,M02,Minería y energía,-7.9549,5.51,9.25,-5.3893,-16.2085,3877.8448,-8.7452,-16.2085,-8.7452,0.0536,0.26,0.8661,0.3839,0.2589,0.4746,S3,Estabilidad,Moderada
2025-11,M02,Minería y energía,-4.1093,5.3,9.25,5.5116,-19.6765,3786.1833,-14.1193,-19.6765,-14.1193,0.3482,0.57,0.875,0.3839,0.1875,0.5538,S3,Estabilidad,Moderada
2025-12,M02,Minería y energía,1.9746,5.1,9.25,-5.5902,-20.4331,3791.4719,-13.5384,-20.4331,-13.5384,0.8036,0.25,0.8929,0.3839,0.2054,0.581,S3,Estabilidad,Moderada
2026-01,M02,Minería y energía,-1.0152,5.35,9.25,-10.5935,-22.4215,3702.999,-14.035,-22.4215,-14.035,0.5268,0.11,0.9196,0.3839,0.1964,0.5336,S3,Estabilidad,Moderada
2026-02,M02,Minería y energía,-1.7064,5.29,10.2143,27.6005,-14.0208,3675.6414,-10.9573,-14.0208,-10.9573,0.4732,0.96,0.8304,0.2411,0.2143,0.5577,S3,Estabilidad,Moderada
2026-03,M02,Minería y energía,1.3125,5.56,10.25,21.5275,11.0898,3717.5574,-10.1537,11.0898,-10.1537,0.75,0.9,0.2411,0.2321,0.2321,0.3918,S4,Decrecimiento,Media
2026-04,M02,Minería y energía,1.3125,5.09,11.25,21.5275,17.3717,3617.5187,-15.4836,17.3717,-15.4836,0.75,0.9,0.1875,0.1875,0.0446,0.3484,S4,Decrecimiento,Media
2015-01,M03,Manufactura,0.0397,3.82,4.5,,,2397.2581,-15.4836,3.82,13.93524,0.3214,,0.5268,0.7857,0.8393,0.619,S2,Crecimiento,Moderada
2015-02,M03,Manufactura,1.186,4.36,4.5,,,2420.6725,-15.4836,4.36,13.93524,0.5,,0.4554,0.7857,0.8393,0.6199,S2,Crecimiento,Moderada
2015-03,M03,Manufactura,0.9542,4.56,4.5,,,2585.3623,-15.4836,4.56,13.93524,0.4554,,0.4107,0.7857,0.8393,0.5961,S3,Estabilidad,Moderada
2015-04,M03,Manufactura,0.1511,4.64,4.5,,,2505.248,-15.4836,4.64,13.93524,0.3393,,0.3839,0.7857,0.8393,0.5679,S3,Estabilidad,Moderada
2015-05,M03,Manufactura,-1.6406,4.41,4.5,,,2437.5352,-15.4836,4.41,13.93524,0.2321,,0.4464,0.7857,0.8393,0.5748,S3,Estabilidad,Moderada
2015-06,M03,Manufactura,4.8082,4.42,4.5,,,2562.4777,-15.4836,4.42,13.93524,0.8393,,0.4375,0.7857,0.8393,0.6661,S2,Crecimiento,Moderada
2015-07,M03,Manufactura,0.8285,4.46,4.5,,,2732.0358,-15.4836,4.46,13.93524,0.4196,,0.4196,0.7857,0.8393,0.5939,S3,Estabilidad,Moderada
2015-08,M03,Manufactura,3.5677,4.74,4.5,,,3012.5874,-15.4836,4.74,13.93524,0.7411,,0.3661,0.7857,0.8393,0.6238,S2,Crecimiento,Moderada
2015-09,M03,Manufactura,2.6732,5.35,4.525,,,3066.408,-15.4836,5.35,13.93524,0.6607,,0.3125,0.6964,0.8393,0.5549,S3,Estabilidad,Moderada
2015-10,M03,Manufactura,2.3704,5.89,4.75,,,2929.4723,-15.4836,5.89,13.93524,0.6161,,0.25,0.6786,0.8393,0.5172,S3,Estabilidad,Moderada
2015-11,M03,Manufactura,5.7639,6.39,5.225,,,3001.3763,-15.4836,6.39,13.93524,0.9107,,0.2321,0.6429,0.8393,0.5419,S3,Estabilidad,Moderada
2015-12,M03,Manufactura,3.5966,6.77,5.5887,,,3244.2016,-15.4836,6.77,13.93524,0.75,,0.2143,0.6071,0.8393,0.4956,S3,Estabilidad,Moderada
2016-01,M03,Manufactura,5.3795,7.45,5.75,-6.4703,7.8981,3270.1952,36.414,7.8981,-32.772600000000004,0.8839,0.04,0.1696,0.5982,0.0089,0.3922,S4,Decrecimiento,Media
2016-02,M03,Manufactura,5.2587,7.59,6.069,-5.7243,8.7077,3354.9569,38.5961,8.7077,-34.73649,0.875,0.08,0.1518,0.5625,0.0,0.3773,S4,Decrecimiento,Media
2016-03,M03,Manufactura,4.3229,7.98,6.3306,-9.0812,6.8783,3128.789,21.0194,6.8783,-18.917460000000002,0.7946,0.01,0.2054,0.5446,0.0625,0.3719,S4,Decrecimiento,Media
2016-04,M03,Manufactura,3.9118,7.93,6.5,-7.2168,6.9179,2997.727,19.6579,6.9179,-17.692110000000003,0.7768,0.02,0.1964,0.5357,0.0893,0.3662,S4,Decrecimiento,Media
2016-05,M03,Manufactura,5.0826,8.2,6.9919,-1.7705,7.5111,2993.5084,22.8088,7.5111,-20.52792,0.8571,0.28,0.1786,0.5179,0.0446,0.3962,S4,Decrecimiento,Media
2016-06,M03,Manufactura,5.5725,8.6,7.3167,2.0666,7.2009,2992.8587,16.7955,7.2009,-15.115950000000002,0.9018,0.54,0.1875,0.4911,0.1071,0.4328,S3,Estabilidad,Moderada
2016-07,M03,Manufactura,-6.1513,8.97,7.5,-3.2217,6.3008,2960.9997,8.3807,6.3008,-7.542629999999999,0.0089,0.24,0.2411,0.4732,0.3036,0.2947,S4,Decrecimiento,Media
2016-08,M03,Manufactura,8.5324,8.1,7.75,-0.6256,4.6116,2952.7668,-1.9857,4.6116,1.78713,0.9554,0.38,0.3929,0.4375,0.5804,0.4934,S3,Estabilidad,Moderada
2016-09,M03,Manufactura,2.9497,7.27,7.75,2.3385,3.921,2924.2653,-4.6355,3.921,4.171950000000001,0.6875,0.56,0.5179,0.4375,0.6696,0.5262,S3,Estabilidad,Moderada
2016-10,M03,Manufactura,0.0886,6.48,7.75,-3.944,4.1023,2929.3887,-0.0029,4.1023,0.00261,0.3304,0.2,0.4911,0.4375,0.5,0.4132,S3,Estabilidad,Moderada
2016-11,M03,Manufactura,2.362,5.96,7.75,-5.3386,4.8091,3110.2587,3.6277,4.8091,-3.26493,0.6071,0.1,0.3482,0.4375,0.4375,0.3875,S4,Decrecimiento,Media
2016-12,M03,Manufactura,1.9079,5.75,7.6452,-1.2294,2.8083,3009.8639,-7.2233,2.8083,6.500970000000001,0.5446,0.35,0.6518,0.4464,0.7232,0.5296,S3,Estabilidad,Moderada
2017-01,M03,Manufactura,1.3339,5.47,7.5,-1.4335,2.1849,2941.3994,-10.0543,2.1849,9.048869999999999,0.5179,0.34,0.7411,0.4732,0.75,0.5649,S3,Estabilidad,Moderada
2017-02,M03,Manufactura,-1.4661,5.18,7.4821,-4.2431,1.0674,2879.5668,-14.1698,1.0674,12.75282,0.2411,0.18,0.8839,0.4821,0.8125,0.56,S3,Estabilidad,Moderada
2017-03,M03,Manufactura,0.2908,4.69,7.2097,9.6726,1.7785,2942.2861,-5.9609,1.7785,5.364809999999999,0.3571,0.83,0.7768,0.5,0.6964,0.6248,S2,Crecimiento,Moderada
2017-04,M03,Manufactura,-4.4559,4.66,7.0,5.9423,1.6199,2877.8217,-3.9999,1.6199,3.59991,0.0446,0.72,0.7946,0.5089,0.6607,0.5752,S3,Estabilidad,Moderada
2017-05,M03,Manufactura,-2.6457,4.37,6.5,1.0866,1.3294,2923.6129,-2.3349,1.3294,2.1014100000000004,0.1964,0.49,0.8571,0.5357,0.6071,0.5931,S3,Estabilidad,Moderada
2017-06,M03,Manufactura,-2.7933,3.99,6.25,2.3129,0.8123,2957.0983,-1.1949,0.8123,1.0754100000000002,0.1518,0.55,0.9464,0.5536,0.5714,0.6285,S2,Crecimiento,Moderada
2017-07,M03,Manufactura,3.9842,3.4,5.7661,-4.3993,1.0015,3036.5839,2.5527,1.0015,-2.2974300000000003,0.7857,0.16,0.9018,0.5893,0.4464,0.6552,S2,Crecimiento,Moderada
2017-08,M03,Manufactura,-4.5272,3.87,5.5,-4.8643,0.9089,2973.2048,0.6922,0.9089,-0.6229800000000001,0.0357,0.12,0.9286,0.6161,0.4732,0.568,S3,Estabilidad,Moderada
2017-09,M03,Manufactura,-3.143,3.97,5.25,-2.249,1.2274,2917.085,-0.2455,1.2274,0.22095,0.1161,0.26,0.8661,0.625,0.5179,0.5821,S3,Estabilidad,Moderada
2017-10,M03,Manufactura,-2.7017,4.05,5.2339,-0.179,1.5198,2953.7558,0.8318,1.5198,-0.74862,0.1875,0.4,0.8036,0.6339,0.4643,0.5896,S3,Estabilidad,Moderada
2017-11,M03,Manufactura,-1.4656,4.12,4.9667,-2.0342,0.6748,3013.4667,-3.112,0.6748,2.8008,0.25,0.27,0.9554,0.6607,0.625,0.6492,S2,Crecimiento,Moderada
2017-12,M03,Manufactura,-3.5439,4.09,4.75,1.4902,1.3658,2991.7619,-0.6014,1.3658,0.5412600000000001,0.0982,0.52,0.8304,0.6786,0.5446,0.6219,S2,Crecimiento,Moderada
2018-01,M03,Manufactura,-1.772,3.68,4.7339,0.0385,0.8571,2868.5723,-2.4759,0.8571,2.2283100000000005,0.2143,0.42,0.9375,0.6875,0.6161,0.6669,S2,Crecimiento,Moderada
2018-02,M03,Manufactura,-0.9596,3.37,4.5,4.249,1.4172,2860.2529,-0.6707,1.4172,0.60363,0.2768,0.64,0.8214,0.7857,0.5536,0.697,S2,Crecimiento,Moderada
2018-03,M03,Manufactura,0.2655,3.14,4.5,-6.4103,1.1079,2847.9306,-3.2069,1.1079,2.88621,0.3482,0.05,0.875,0.7857,0.6339,0.6522,S2,Crecimiento,Moderada
2018-04,M03,Manufactura,3.6738,3.13,4.4917,-4.5212,1.4854,2766.285,-3.8757,1.4854,3.4881300000000004,0.7679,0.14,0.8125,0.7946,0.6429,0.7039,S2,Crecimiento,Moderada
2018-05,M03,Manufactura,2.8542,3.16,4.25,0.1488,2.3616,2861.8258,-2.1134,2.3616,1.90206,0.6786,0.45,0.7054,0.9732,0.5893,0.7569,S2,Crecimiento,Moderada
2018-06,M03,Manufactura,0.4909,3.2,4.25,-2.5283,2.6254,2889.689,-2.2796,2.6254,2.05164,0.3929,0.25,0.6786,0.9732,0.5982,0.6839,S2,Crecimiento,Moderada
2018-07,M03,Manufactura,2.6845,3.12,4.25,5.8786,2.0914,2885.3219,-4.9813,2.0914,4.48317,0.6696,0.71,0.7679,0.9732,0.6786,0.8146,S1,Aceleración,Baja
2018-08,M03,Manufactura,2.599,3.1,4.25,10.285,2.1348,2958.6668,-0.489,2.1348,0.4401,0.6518,0.88,0.7589,0.9732,0.5357,0.8236,S1,Aceleración,Baja
2018-09,M03,Manufactura,0.9017,3.23,4.25,0.0631,2.6136,3033.768,4.0,2.6136,-3.6,0.4464,0.43,0.6875,0.9732,0.4196,0.7077,S2,Crecimiento,Moderada
2018-10,M03,Manufactura,4.5308,3.33,4.25,3.2301,2.9494,3084.831,4.4376,2.9494,-3.99384,0.8036,0.6,0.6161,0.9732,0.4107,0.7543,S2,Crecimiento,Moderada
2018-11,M03,Manufactura,3.2699,3.27,4.25,3.7088,3.2797,3194.0343,5.992,3.2797,-5.3928,0.7232,0.61,0.5714,0.9732,0.3661,0.7276,S2,Crecimiento,Moderada
2018-12,M03,Manufactura,-0.5916,3.18,4.25,1.0823,2.8107,3218.551,7.5805,2.8107,-6.82245,0.2946,0.48,0.6429,0.9732,0.3214,0.6737,S2,Crecimiento,Moderada
2019-01,M03,Manufactura,2.0256,3.15,4.25,-0.7369,3.1935,3165.1881,10.3402,3.1935,-9.30618,0.5536,0.37,0.5982,0.9732,0.25,0.6761,S2,Crecimiento,Moderada
2019-02,M03,Manufactura,2.1517,3.01,4.25,-4.3212,2.9996,3115.8386,8.9358,2.9996,-8.04222,0.5714,0.17,0.6071,0.9732,0.2857,0.6574,S2,Crecimiento,Moderada
2019-03,M03,Manufactura,-2.0755,3.21,4.25,8.1754,3.2071,3128.6842,9.8582,3.2071,-8.87238,0.2054,0.78,0.5893,0.9732,0.2679,0.6799,S2,Crecimiento,Moderada
2019-04,M03,Manufactura,2.2057,3.25,4.25,-1.7696,3.9625,3155.765,14.0795,3.9625,-12.67155,0.5804,0.29,0.5089,0.9732,0.1518,0.6347,S2,Crecimiento,Moderada
2019-05,M03,Manufactura,2.5396,3.31,4.25,-1.6396,4.0396,3304.4945,15.4681,4.0396,-13.92129,0.6429,0.31,0.5,0.9732,0.125,0.6414,S2,Crecimiento,Moderada
2019-06,M03,Manufactura,-1.1741,3.43,4.25,-1.6319,3.3874,3260.517,12.8328,3.3874,-11.549520000000001,0.2679,0.32,0.5625,0.9732,0.1786,0.6152,S2,Crecimiento,Moderada
2019-07,M03,Manufactura,2.9758,3.79,4.25,0.3601,4.8035,3206.6003,11.1349,4.8035,-10.02141,0.6964,0.46,0.3571,0.9732,0.2143,0.626,S2,Crecimiento,Moderada
2019-08,M03,Manufactura,0.4954,3.75,4.25,-11.9827,5.8118,3410.729,15.2793,5.8118,-13.75137,0.4018,0.0,0.2589,0.9732,0.1339,0.4899,S3,Estabilidad,Moderada
2019-09,M03,Manufactura,0.87,3.82,4.25,-3.7475,5.5142,3399.457,12.054,5.5142,-10.848600000000001,0.4286,0.21,0.2768,0.9732,0.1875,0.5295,S3,Estabilidad,Moderada
2019-10,M03,Manufactura,1.7104,3.86,4.25,-3.2723,5.4249,3433.3116,11.2966,5.4249,-10.16694,0.5268,0.23,0.2946,0.9732,0.2054,0.5522,S3,Estabilidad,Moderada
2019-11,M03,Manufactura,-1.7022,3.84,4.25,-4.6632,4.7071,3401.473,6.4946,4.7071,-5.845140000000001,0.2232,0.13,0.375,0.9732,0.3482,0.5322,S3,Estabilidad,Moderada
2019-12,M03,Manufactura,4.596,3.8,4.25,-6.4821,5.112,3378.0506,4.9556,5.112,-4.460039999999999,0.8304,0.03,0.3214,0.9732,0.3929,0.5864,S3,Estabilidad,Moderada
2020-01,M03,Manufactura,3.3783,3.62,4.25,6.5488,5.2965,3311.1894,4.6127,5.2965,-4.15143,0.7321,0.75,0.3125,0.9732,0.4018,0.6639,S2,Crecimiento,Moderada
2020-02,M03,Manufactura,1.4594,3.72,4.25,-0.3788,5.3059,3411.0528,9.4746,5.3059,-8.527140000000001,0.5268,0.4,0.3125,0.9732,0.2768,0.584,S3,Estabilidad,Moderada
2020-03,M03,Manufactura,-10.6915,3.86,4.2177,-17.3187,5.9732,3877.0484,23.9195,5.9732,-21.52755,0.0,0.0,0.2411,0.9732,0.0446,0.4247,S3,Estabilidad,Moderada
2020-04,M03,Manufactura,-36.769,3.51,3.75,-18.089916227165947,4.3866,3977.3933,26.0358,4.3866,-23.432219999999997,0.0,0.0,0.4464,0.9911,0.0268,0.4975,S3,Estabilidad,Moderada
2020-05,M03,Manufactura,-28.7564,2.85,3.2984,-16.3281,3.1946,3858.1916,16.7559,3.1946,-15.08031,0.0,0.0,0.5893,0.9911,0.1161,0.5492,S3,Estabilidad,Moderada
2020-06,M03,Manufactura,-13.7032,2.19,2.75,-15.5484,3.5324,3701.6043,13.5281,3.5324,-12.17529,0.0,0.0,0.5357,1.0,0.1696,0.5376,S3,Estabilidad,Moderada
2020-07,M03,Manufactura,-9.9246,1.97,2.5,-18.089916227165947,2.6118,3657.8668,14.0731,2.6118,-12.665790000000001,0.0,0.0,0.6875,1.0,0.1607,0.587,S3,Estabilidad,Moderada
2020-08,M03,Manufactura,-9.8149,1.88,2.2661,-5.0816,2.7088,3783.0258,10.9155,2.7088,-9.82395,0.0,0.11,0.6607,1.0,0.2321,0.5963,S3,Estabilidad,Moderada
2020-09,M03,Manufactura,-3.0001,1.97,1.975,-5.1134,2.1319,3750.2153,10.3181,2.1319,-9.28629,0.1518,0.11,0.7589,1.0,0.2589,0.6505,S2,Crecimiento,Moderada
2020-10,M03,Manufactura,-2.1304,1.75,1.75,-4.5032,2.1145,3833.7884,11.6644,2.1145,-10.49796,0.2054,0.15,0.7589,1.0,0.1964,0.6596,S2,Crecimiento,Moderada
2020-11,M03,Manufactura,-1.1256,1.49,1.75,-8.3453,1.7684,3685.6267,8.3538,1.7684,-7.51842,0.2768,0.02,0.7768,1.0,0.3125,0.6646,S2,Crecimiento,Moderada
2020-12,M03,Manufactura,0.267,1.61,1.75,0.5594,1.2385,3466.1271,2.6073,1.2385,-2.34657,0.3571,0.47,0.8571,1.0,0.4464,0.7674,S2,Crecimiento,Moderada
2021-01,M03,Manufactura,-2.8005,1.6,1.75,-15.8008,2.1816,3491.3216,5.4401,2.1816,-4.89609,0.1518,0.0,0.7411,1.0,0.375,0.6367,S2,Crecimiento,Moderada
2021-02,M03,Manufactura,1.4807,1.56,1.75,-8.168,3.0199,3554.5043,4.2055,3.0199,-3.78495,0.5268,0.02,0.5982,1.0,0.4196,0.6457,S2,Crecimiento,Moderada
2021-03,M03,Manufactura,19.4396,1.51,1.75,-2.2785,3.6898,3612.7684,-6.8165,3.6898,6.13485,0.9911,0.26,0.5268,1.0,0.7143,0.7322,S2,Crecimiento,Moderada
2021-04,M03,Manufactura,59.9397,1.95,1.75,7.5577,5.8306,3650.776,-8.2118,5.8306,7.39062,1.0,0.78,0.25,1.0,0.7321,0.7108,S2,Crecimiento,Moderada
2021-05,M03,Manufactura,12.7036,3.3,1.75,8.3629,7.698,3735.6661,-3.1757,7.698,2.85813,0.9911,0.8,0.1696,1.0,0.6339,0.6805,S2,Crecimiento,Moderada
2021-06,M03,Manufactura,21.0699,3.63,1.75,2.8457,9.1643,3685.0427,-0.4474,9.1643,0.40266,0.9911,0.59,0.1429,1.0,0.5357,0.6393,S2,Crecimiento,Moderada
2021-07,M03,Manufactura,17.2203,3.97,1.75,12.6535,9.9433,3829.4181,4.6899,9.9433,-4.22091,0.9911,0.93,0.1429,1.0,0.4018,0.6761,S2,Crecimiento,Moderada
2021-08,M03,Manufactura,17.0593,4.44,1.75,-2.2914,9.8515,3881.1835,2.5947,9.8515,-2.33523,0.9911,0.26,0.1429,1.0,0.4464,0.5917,S3,Estabilidad,Moderada
2021-09,M03,Manufactura,11.5604,4.51,1.75,5.6888,10.6888,3821.5377,1.9018,10.6888,-1.71162,0.9911,0.71,0.1339,1.0,0.4554,0.6475,S2,Crecimiento,Moderada
2021-10,M03,Manufactura,6.0321,4.58,2.0,-8.9905,11.3888,3773.3842,-1.5756,11.3888,1.41804,0.9375,0.02,0.1339,1.0,0.5804,0.5577,S3,Estabilidad,Moderada
2021-11,M03,Manufactura,10.505,5.26,2.4833,-14.9858,13.9342,3902.901,5.8952,13.9342,-5.30568,0.9911,0.0,0.125,1.0,0.375,0.5483,S3,Estabilidad,Moderada
2021-12,M03,Manufactura,8.7296,5.62,2.6935,-4.404,15.8388,3963.1335,14.339,15.8388,-12.905100000000001,0.9643,0.16,0.1071,1.0,0.1518,0.5475,S3,Estabilidad,Moderada
2022-01,M03,Manufactura,9.0692,6.94,3.0323,6.9424,16.6694,3999.6161,14.5588,16.6694,-13.10292,0.9643,0.77,0.0982,1.0,0.1429,0.6231,S2,Crecimiento,Moderada
2022-02,M03,Manufactura,5.9461,8.01,4.0,10.092,17.4765,3935.8357,10.7281,17.4765,-9.655289999999999,0.9286,0.87,0.0893,0.9911,0.2321,0.63,S2,Crecimiento,Moderada
2022-03,M03,Manufactura,7.4464,8.53,4.0,22.652526227165946,17.5884,3807.171,5.381,17.5884,-4.8429,0.9375,0.99,0.0804,0.9911,0.375,0.6515,S2,Crecimiento,Moderada
2022-04,M03,Manufactura,9.9363,9.23,5.0,14.4847,19.0458,3792.982,3.8952,19.0458,-3.50568,0.9821,0.96,0.0268,0.6518,0.4286,0.5193,S3,Estabilidad,Moderada
2022-05,M03,Manufactura,36.8258,9.07,5.9677,4.8563,20.0138,4019.0794,7.5867,20.0138,-6.828030000000001,0.9911,0.66,0.0089,0.5804,0.3125,0.4444,S3,Estabilidad,Moderada
2022-06,M03,Manufactura,9.5469,9.67,6.0,13.496,18.0432,3930.7667,6.6681,18.0432,-6.00129,0.9732,0.95,0.0446,0.5714,0.3393,0.4895,S3,Estabilidad,Moderada
2022-07,M03,Manufactura,3.6191,10.21,7.5,12.785,19.9701,4367.8058,14.0593,19.9701,-12.65337,0.7589,0.93,0.0179,0.4732,0.1607,0.4048,S3,Estabilidad,Moderada
2022-08,M03,Manufactura,8.275,10.84,9.0,8.7704,17.8991,4322.4694,11.3699,17.8991,-10.23291,0.9464,0.8,0.0714,0.4018,0.1964,0.4077,S3,Estabilidad,Moderada
2022-09,M03,Manufactura,5.7674,11.44,9.0333,10.364,18.0291,4433.651,16.0175,18.0291,-14.41575,0.9196,0.89,0.0536,0.3929,0.1161,0.4024,S3,Estabilidad,Moderada
2022-10,M03,Manufactura,5.1791,12.22,10.0323,10.723,18.4591,4711.8303,24.8701,18.4591,-22.383090000000003,0.8661,0.9,0.0357,0.25,0.0357,0.3359,S4,Decrecimiento,Media
2022-11,M03,Manufactura,3.1198,12.53,11.0,21.3678,18.003,4926.6607,26.2307,18.003,-23.60763,0.7143,0.97,0.0625,0.1964,0.0179,0.3133,S4,Decrecimiento,Media
2022-12,M03,Manufactura,0.3976,13.12,11.4194,11.0016,16.2853,4788.4906,20.8259,16.2853,-18.74331,0.3839,0.91,0.1071,0.1696,0.0714,0.2688,S4,Decrecimiento,Media
2023-01,M03,Manufactura,3.0889,13.25,12.0484,9.7248,15.7724,4715.2039,17.8914,15.7724,-16.10226,0.7054,0.85,0.1161,0.1429,0.0982,0.2996,S4,Decrecimiento,Media
2023-02,M03,Manufactura,3.5085,13.28,12.75,0.0924,14.9647,4803.1125,22.0354,14.9647,-19.83186,0.7321,0.44,0.125,0.1161,0.0536,0.2412,S4,Decrecimiento,Media
2023-03,M03,Manufactura,1.7436,13.34,12.7581,1.0601,13.5413,4766.3058,25.1928,13.5413,-22.67352,0.5357,0.47,0.1339,0.0982,0.0268,0.2136,S4,Decrecimiento,Media
2023-04,M03,Manufactura,-2.717,12.82,13.0,6.8209,10.3525,4542.6743,19.7652,10.3525,-17.78868,0.1696,0.76,0.1429,0.0893,0.0804,0.2042,S4,Decrecimiento,Media
2023-05,M03,Manufactura,-0.3496,12.36,13.2419,9.7026,7.9559,4540.089,12.9634,7.9559,-11.667060000000001,0.3036,0.84,0.1607,0.0625,0.1696,0.2339,S4,Decrecimiento,Media
2023-06,M03,Manufactura,-1.4123,12.13,13.25,2.578,6.7536,4209.268,7.0852,6.7536,-6.37668,0.2589,0.57,0.2232,0.0536,0.3304,0.2189,S4,Decrecimiento,Media
2023-07,M03,Manufactura,-3.0011,11.78,13.25,1.4795,3.4923,4069.2335,-6.8358,3.4923,6.15222,0.1429,0.51,0.5446,0.0536,0.7143,0.3216,S4,Decrecimiento,Media
2023-08,M03,Manufactura,-5.6429,11.43,13.25,9.1844,4.8434,4070.7252,-5.8241,4.8434,5.24169,0.0179,0.82,0.3393,0.0536,0.6875,0.276,S4,Decrecimiento,Media
2023-09,M03,Manufactura,-3.7326,10.99,13.25,1.6702,4.2275,4004.5207,-9.6789,4.2275,8.71101,0.0804,0.53,0.4732,0.0536,0.7411,0.2937,S4,Decrecimiento,Media
2023-10,M03,Manufactura,-4.1432,10.48,13.25,-4.4092,3.2306,4222.4332,-10.3866,3.2306,9.34794,0.0625,0.15,0.5804,0.0536,0.7679,0.2787,S4,Decrecimiento,Media
2023-11,M03,Manufactura,-2.7083,10.15,13.25,-0.4804,1.3469,4038.8047,-18.0215,1.3469,16.21935,0.1786,0.39,0.8482,0.0536,0.9732,0.4246,S3,Estabilidad,Moderada
2023-12,M03,Manufactura,-3.6914,9.28,13.1532,-5.3626,0.9506,3948.2068,-17.548,0.9506,15.793199999999999,0.0893,0.09,0.9196,0.0714,0.9643,0.4028,S3,Estabilidad,Moderada
2024-01,M03,Manufactura,-3.0103,8.35,13.0,5.0728,0.2386,3915.1987,-16.9665,0.2386,15.26985,0.1339,0.68,0.9643,0.0893,0.9554,0.5058,S3,Estabilidad,Moderada
2024-02,M03,Manufactura,-4.3019,7.74,12.75,6.3739,-0.3539,3931.4386,-18.1481,-0.3539,16.33329,0.0536,0.74,0.9911,0.1161,0.9821,0.5224,S3,Estabilidad,Moderada
2024-03,M03,Manufactura,-7.2136,7.36,12.6532,-1.0728,-0.6825,3899.3413,-18.1894,-0.6825,16.37046,0.0,0.36,1.0,0.125,0.9911,0.4724,S3,Estabilidad,Moderada
2024-04,M03,Manufactura,-0.8494,7.16,12.25,-3.64,0.0473,3867.9753,-14.8525,0.0473,13.36725,0.2857,0.22,0.9732,0.1339,0.8304,0.4787,S3,Estabilidad,Moderada
2024-05,M03,Manufactura,-3.3442,7.16,11.7661,3.7113,-0.059,3869.1006,-14.7792,-0.059,13.30128,0.1071,0.62,0.9821,0.1518,0.8214,0.515,S3,Estabilidad,Moderada
2024-06,M03,Manufactura,-4.8742,7.18,11.75,6.5949,2.1507,4042.797,-3.9549,2.1507,3.5594099999999997,0.0268,0.75,0.75,0.1607,0.6518,0.4388,S3,Estabilidad,Moderada
2024-07,M03,Manufactura,0.8998,6.86,11.2661,2.6713,2.6947,4036.9219,-0.794,2.6947,0.7146,0.4375,0.58,0.6696,0.1786,0.5625,0.4476,S3,Estabilidad,Moderada
2024-08,M03,Manufactura,-3.0651,6.12,10.75,-1.7693,2.265,4065.5465,-0.1272,2.265,0.11448000000000001,0.125,0.3,0.7232,0.2143,0.5089,0.3962,S4,Decrecimiento,Media
2024-09,M03,Manufactura,-3.979,5.81,10.75,-1.5503,2.9347,4182.5123,4.4448,2.9347,-4.00032,0.0714,0.33,0.625,0.2143,0.4018,0.3548,S4,Decrecimiento,Media
2024-10,M03,Manufactura,1.3044,5.41,10.25,11.7839,2.8919,4249.47,0.6403,2.8919,-0.57627,0.5089,0.92,0.6339,0.2321,0.4821,0.5041,S3,Estabilidad,Moderada
2024-11,M03,Manufactura,-2.767,5.2,9.75,6.1463,4.124,4408.6523,9.1574,4.124,-8.241660000000001,0.1607,0.73,0.4821,0.2589,0.2768,0.3808,S4,Decrecimiento,Media
2024-12,M03,Manufactura,0.9598,5.2,9.6774,-0.0863,5.386,4385.1487,11.0668,5.386,-9.960120000000002,0.4643,0.41,0.3036,0.2679,0.2232,0.3223,S4,Decrecimiento,Media
2025-01,M03,Manufactura,0.2981,5.22,9.5,1.3508,5.0937,4307.5674,10.0217,5.0937,-9.01953,0.3661,0.5,0.3304,0.3036,0.2589,0.3439,S4,Decrecimiento,Media
2025-02,M03,Manufactura,0.3877,5.28,9.5,3.7626,4.451,4127.9539,4.9986,4.451,-4.49874,0.375,0.63,0.4286,0.3036,0.3839,0.4009,S3,Estabilidad,Moderada
2025-03,M03,Manufactura,0.69,5.09,9.5,9.0424,4.5675,4137.6845,6.1124,4.5675,-5.5011600000000005,0.4107,0.81,0.4018,0.3036,0.3571,0.4188,S3,Estabilidad,Moderada
2025-04,M03,Manufactura,1.0043,5.16,9.5,4.5875,5.7822,4280.258,10.6589,5.7822,-9.59301,0.4732,0.65,0.2679,0.3036,0.2411,0.3564,S4,Decrecimiento,Media
2025-05,M03,Manufactura,2.0527,5.05,9.2581,-4.8667,5.5024,4203.3771,8.6396,5.5024,-7.77564,0.5625,0.11,0.2857,0.3125,0.2946,0.3104,S4,Decrecimiento,Media
2025-06,M03,Manufactura,2.2085,4.82,9.25,12.8097,4.3341,4113.485,1.7485,4.3341,-1.57365,0.5893,0.94,0.4643,0.3839,0.4554,0.514,S3,Estabilidad,Moderada
2025-07,M03,Manufactura,5.3825,4.9,9.25,2.8568,3.6139,4040.8484,0.0973,3.6139,-0.08757,0.8929,0.59,0.5357,0.3839,0.4911,0.5353,S3,Estabilidad,Moderada
2025-08,M03,Manufactura,2.3956,5.1,9.25,8.2785,3.4654,4047.4116,-0.4461,3.4654,0.40149,0.625,0.79,0.5536,0.3839,0.5268,0.5326,S3,Estabilidad,Moderada
2025-09,M03,Manufactura,4.8769,5.18,9.25,10.0641,2.5439,3922.212,-6.2235,2.5439,5.60115,0.8482,0.86,0.6964,0.3839,0.7054,0.6285,S2,Crecimiento,Moderada
2025-10,M03,Manufactura,2.2636,5.51,9.25,4.9814,2.3489,3877.8448,-8.7452,2.3489,7.870680000000001,0.5982,0.67,0.7143,0.3839,0.7321,0.5773,S3,Estabilidad,Moderada
2025-11,M03,Manufactura,1.1471,5.3,9.25,-4.0249,1.3622,3786.1833,-14.1193,1.3622,12.707370000000001,0.4911,0.19,0.8393,0.3839,0.8036,0.5455,S3,Estabilidad,Moderada
2025-12,M03,Manufactura,-0.1593,5.1,9.25,21.4978,1.0073,3791.4719,-13.5384,1.0073,12.18456,0.3125,0.98,0.8929,0.3839,0.7857,0.6402,S2,Crecimiento,Moderada
2026-01,M03,Manufactura,1.0388,5.35,9.25,5.5524,0.9739,3702.999,-14.035,0.9739,12.6315,0.4821,0.7,0.9107,0.3839,0.7946,0.6332,S2,Crecimiento,Moderada
2026-02,M03,Manufactura,2.4902,5.29,10.2143,5.3106,1.7227,3675.6414,-10.9573,1.7227,9.86157,0.6339,0.69,0.7857,0.2411,0.7768,0.5602,S3,Estabilidad,Moderada
2026-03,M03,Manufactura,4.5404,5.56,10.25,-6.3386,2.7987,3717.5574,-10.1537,2.7987,9.138330000000002,0.8125,0.06,0.6607,0.2321,0.7589,0.4577,S3,Estabilidad,Moderada
2026-04,M03,Manufactura,4.5404,5.09,11.25,-6.3386,2.1909,3617.5187,-15.4836,2.1909,13.93524,0.8125,0.06,0.7321,0.1875,0.8393,0.4697,S3,Estabilidad,Moderada
2015-01,M04,Electricidad y agua,-0.8571,3.82,4.5,,,2397.2581,-15.4836,3.82,4.645079999999999,0.0714,,0.8036,0.7857,0.8393,0.6844,S2,Crecimiento,Moderada
2015-02,M04,Electricidad y agua,-0.324,4.36,4.5,,,2420.6725,-15.4836,4.36,4.645079999999999,0.1339,,0.7143,0.7857,0.8393,0.6605,S2,Crecimiento,Moderada
2015-03,M04,Electricidad y agua,-0.4865,4.56,4.5,,,2585.3623,-15.4836,4.56,4.645079999999999,0.125,,0.6696,0.7857,0.8393,0.6422,S2,Crecimiento,Moderada
2015-04,M04,Electricidad y agua,-2.56,4.64,4.5,,,2505.248,-15.4836,4.64,4.645079999999999,0.0,,0.6607,0.7857,0.8393,0.6194,S2,Crecimiento,Moderada
2015-05,M04,Electricidad y agua,-1.7996,4.41,4.5,,,2437.5352,-15.4836,4.41,4.645079999999999,0.0268,,0.6964,0.7857,0.8393,0.637,S2,Crecimiento,Moderada
2015-06,M04,Electricidad y agua,-1.4807,4.42,4.5,,,2562.4777,-15.4836,4.42,4.645079999999999,0.0446,,0.6875,0.7857,0.8393,0.6365,S2,Crecimiento,Moderada
2015-07,M04,Electricidad y agua,-1.7239,4.46,4.5,,,2732.0358,-15.4836,4.46,4.645079999999999,0.0357,,0.6786,0.7857,0.8393,0.6317,S2,Crecimiento,Moderada
2015-08,M04,Electricidad y agua,-0.7445,4.74,4.5,,,3012.5874,-15.4836,4.74,4.645079999999999,0.0982,,0.6339,0.7857,0.8393,0.6246,S2,Crecimiento,Moderada
2015-09,M04,Electricidad y agua,0.8513,5.35,4.525,,,3066.408,-15.4836,5.35,4.645079999999999,0.25,,0.4821,0.6964,0.8393,0.5548,S3,Estabilidad,Moderada
2015-10,M04,Electricidad y agua,0.8445,5.89,4.75,,,2929.4723,-15.4836,5.89,4.645079999999999,0.2411,,0.4107,0.6786,0.8393,0.5193,S3,Estabilidad,Moderada
2015-11,M04,Electricidad y agua,-0.1264,6.39,5.225,,,3001.3763,-15.4836,6.39,4.645079999999999,0.1429,,0.3839,0.6429,0.8393,0.4794,S3,Estabilidad,Moderada
2015-12,M04,Electricidad y agua,0.0495,6.77,5.5887,,,3244.2016,-15.4836,6.77,4.645079999999999,0.1786,,0.3661,0.6071,0.8393,0.4638,S3,Estabilidad,Moderada
2016-01,M04,Electricidad y agua,1.1506,7.45,5.75,-17.1722,,3270.1952,36.414,7.45,-10.9242,0.3214,0.03,0.2946,0.5982,0.0089,0.3556,S4,Decrecimiento,Media
2016-02,M04,Electricidad y agua,1.3898,7.59,6.069,-15.4176,,3354.9569,38.5961,7.59,-11.57883,0.3571,0.05,0.2857,0.5625,0.0,0.3471,S4,Decrecimiento,Media
2016-03,M04,Electricidad y agua,0.4257,7.98,6.3306,35.2231,,3128.789,21.0194,7.98,-6.30582,0.2054,0.98,0.2589,0.5446,0.0625,0.4352,S3,Estabilidad,Moderada
2016-04,M04,Electricidad y agua,-0.6398,7.93,6.5,-10.3669,,2997.727,19.6579,7.93,-5.8973700000000004,0.1071,0.12,0.2679,0.5357,0.0893,0.3117,S4,Decrecimiento,Media
2016-05,M04,Electricidad y agua,-1.362,8.2,6.9919,-3.9212,,2993.5084,22.8088,8.2,-6.84264,0.0536,0.3,0.2321,0.5179,0.0446,0.3073,S4,Decrecimiento,Media
2016-06,M04,Electricidad y agua,-0.0328,8.6,7.3167,-6.0658,,2992.8587,16.7955,8.6,-5.03865,0.1607,0.23,0.2054,0.4911,0.1071,0.298,S4,Decrecimiento,Media
2016-07,M04,Electricidad y agua,-2.3891,8.97,7.5,-14.0403,,2960.9997,8.3807,8.97,-2.51421,0.0089,0.07,0.1964,0.4732,0.3036,0.258,S4,Decrecimiento,Media
2016-08,M04,Electricidad y agua,0.8136,8.1,7.75,-14.5955,,2952.7668,-1.9857,8.1,0.59571,0.2321,0.06,0.2411,0.4375,0.5804,0.304,S4,Decrecimiento,Media
2016-09,M04,Electricidad y agua,-0.8396,7.27,7.75,0.427,,2924.2653,-4.6355,7.27,1.3906500000000002,0.0804,0.37,0.3125,0.4375,0.6696,0.3518,S4,Decrecimiento,Media
2016-10,M04,Electricidad y agua,-0.7974,6.48,7.75,15.0571,,2929.3887,-0.0029,6.48,0.0008699999999999999,0.0893,0.81,0.375,0.4375,0.5,0.4213,S3,Estabilidad,Moderada
2016-11,M04,Electricidad y agua,1.5326,5.96,7.75,-21.3372,,3110.2587,3.6277,5.96,-1.0883099999999999,0.4018,0.0,0.4018,0.4375,0.4375,0.3643,S4,Decrecimiento,Media
2016-12,M04,Electricidad y agua,0.6955,5.75,7.6452,-16.0229,,3009.8639,-7.2233,5.75,2.1669899999999997,0.2143,0.04,0.4286,0.4464,0.7232,0.3714,S4,Decrecimiento,Media
2017-01,M04,Electricidad y agua,0.1008,5.47,7.5,17.1462,,2941.3994,-10.0543,5.47,3.0162899999999997,0.1875,0.84,0.4554,0.4732,0.75,0.491,S3,Estabilidad,Moderada
2017-02,M04,Electricidad y agua,0.9419,5.18,7.4821,-1.6339,,2879.5668,-14.1698,5.18,4.25094,0.2679,0.35,0.5536,0.4821,0.8125,0.4772,S3,Estabilidad,Moderada
2017-03,M04,Electricidad y agua,2.0857,4.69,7.2097,-13.3125,,2942.2861,-5.9609,4.69,1.7882699999999998,0.4554,0.08,0.6429,0.5,0.6964,0.4971,S3,Estabilidad,Moderada
2017-04,M04,Electricidad y agua,3.9004,4.66,7.0,19.2123,,2877.8217,-3.9999,4.66,1.19997,0.8214,0.87,0.6518,0.5089,0.6607,0.6532,S2,Crecimiento,Moderada
2017-05,M04,Electricidad y agua,3.6321,4.37,6.5,1.3028,,2923.6129,-2.3349,4.37,0.70047,0.7768,0.43,0.7054,0.5357,0.6071,0.6143,S2,Crecimiento,Moderada
2017-06,M04,Electricidad y agua,2.7647,3.99,6.25,9.7734,,2957.0983,-1.1949,3.99,0.35847,0.6607,0.71,0.75,0.5536,0.5714,0.6538,S2,Crecimiento,Moderada
2017-07,M04,Electricidad y agua,4.6314,3.4,5.7661,25.7872,,3036.5839,2.5527,3.4,-0.76581,0.8929,0.93,0.8571,0.5893,0.4464,0.7548,S2,Crecimiento,Moderada
2017-08,M04,Electricidad y agua,2.4959,3.87,5.5,13.2288,,2973.2048,0.6922,3.87,-0.20766,0.5893,0.76,0.7679,0.6161,0.4732,0.6732,S2,Crecimiento,Moderada
2017-09,M04,Electricidad y agua,3.7231,3.97,5.25,-7.5362,,2917.085,-0.2455,3.97,0.07365,0.8125,0.2,0.7589,0.625,0.5179,0.6336,S2,Crecimiento,Moderada
2017-10,M04,Electricidad y agua,3.3937,4.05,5.2339,-17.9536,,2953.7558,0.8318,4.05,-0.24953999999999998,0.7143,0.02,0.7411,0.6339,0.4643,0.5914,S3,Estabilidad,Moderada
2017-11,M04,Electricidad y agua,3.4788,4.12,4.9667,5.2945,,3013.4667,-3.112,4.12,0.9336,0.7321,0.56,0.7232,0.6607,0.625,0.6759,S2,Crecimiento,Moderada
2017-12,M04,Electricidad y agua,3.5727,4.09,4.75,8.7051,,2991.7619,-0.6014,4.09,0.18042,0.7411,0.68,0.7321,0.6786,0.5446,0.6976,S2,Crecimiento,Moderada
2018-01,M04,Electricidad y agua,3.5946,3.68,4.7339,5.7844,,2868.5723,-2.4759,3.68,0.74277,0.75,0.58,0.8393,0.6875,0.6161,0.728,S2,Crecimiento,Moderada
2018-02,M04,Electricidad y agua,1.1392,3.37,4.5,7.6513,,2860.2529,-0.6707,3.37,0.20120999999999997,0.3125,0.65,0.8661,0.7857,0.5536,0.7178,S2,Crecimiento,Moderada
2018-03,M04,Electricidad y agua,2.4759,3.14,4.5,15.18,,2847.9306,-3.2069,3.14,0.96207,0.5536,0.82,0.9643,0.7857,0.6339,0.8091,S1,Aceleración,Baja
2018-04,M04,Electricidad y agua,2.4034,3.13,4.4917,2.2109,,2766.285,-3.8757,3.13,1.16271,0.5179,0.45,0.9732,0.7946,0.6429,0.7629,S2,Crecimiento,Moderada
2018-05,M04,Electricidad y agua,2.4348,3.16,4.25,17.8007,,2861.8258,-2.1134,3.16,0.6340199999999999,0.5357,0.85,0.9464,0.9732,0.5893,0.8684,S1,Aceleración,Baja
2018-06,M04,Electricidad y agua,2.8149,3.2,4.25,-6.1709,,2889.689,-2.2796,3.2,0.6838799999999999,0.6696,0.22,0.9286,0.9732,0.5982,0.7996,S2,Crecimiento,Moderada
2018-07,M04,Electricidad y agua,3.6174,3.12,4.25,0.4493,,2885.3219,-4.9813,3.12,1.4943899999999999,0.7679,0.39,0.9821,0.9732,0.6786,0.8569,S1,Aceleración,Baja
2018-08,M04,Electricidad y agua,3.2687,3.1,4.25,2.4938,,2958.6668,-0.489,3.1,0.1467,0.7054,0.46,0.9911,0.9732,0.5357,0.8527,S1,Aceleración,Baja
2018-09,M04,Electricidad y agua,1.9805,3.23,4.25,12.6465,,3033.768,4.0,3.23,-1.2,0.4464,0.75,0.9107,0.9732,0.4196,0.8225,S1,Aceleración,Baja
2018-10,M04,Electricidad y agua,2.2912,3.33,4.25,19.0137,,3084.831,4.4376,3.33,-1.3312799999999998,0.4911,0.86,0.875,0.9732,0.4107,0.8306,S1,Aceleración,Baja
2018-11,M04,Electricidad y agua,2.67,3.27,4.25,14.5181,,3194.0343,5.992,3.27,-1.7975999999999999,0.625,0.79,0.8929,0.9732,0.3661,0.8431,S1,Aceleración,Baja
2018-12,M04,Electricidad y agua,1.9224,3.18,4.25,-4.4816,,3218.551,7.5805,3.18,-2.2741499999999997,0.4375,0.28,0.9375,0.9732,0.3214,0.7639,S2,Crecimiento,Moderada
2019-01,M04,Electricidad y agua,2.6877,3.15,4.25,-7.5692,,3165.1881,10.3402,3.15,-3.10206,0.6339,0.19,0.9554,0.9732,0.25,0.7809,S2,Crecimiento,Moderada
2019-02,M04,Electricidad y agua,3.6757,3.01,4.25,-9.0828,,3115.8386,8.9358,3.01,-2.68074,0.7946,0.16,1.0,0.9732,0.2857,0.8154,S1,Aceleración,Baja
2019-03,M04,Electricidad y agua,2.2266,3.21,4.25,-2.2345,,3128.6842,9.8582,3.21,-2.9574599999999998,0.4732,0.32,0.9196,0.9732,0.2679,0.7651,S2,Crecimiento,Moderada
2019-04,M04,Electricidad y agua,3.1471,3.25,4.25,0.4456,,3155.765,14.0795,3.25,-4.22385,0.6964,0.38,0.9018,0.9732,0.1518,0.7911,S2,Crecimiento,Moderada
2019-05,M04,Electricidad y agua,3.3948,3.31,4.25,4.7741,,3304.4945,15.4681,3.31,-4.640429999999999,0.7232,0.54,0.8839,0.9732,0.125,0.8081,S1,Aceleración,Baja
2019-06,M04,Electricidad y agua,2.4822,3.43,4.25,9.4622,,3260.517,12.8328,3.43,-3.84984,0.5714,0.7,0.8482,0.9732,0.1786,0.7994,S2,Crecimiento,Moderada
2019-07,M04,Electricidad y agua,2.4782,3.79,4.25,-7.9731,,3206.6003,11.1349,3.79,-3.34047,0.5625,0.18,0.8214,0.9732,0.2143,0.724,S2,Crecimiento,Moderada
2019-08,M04,Electricidad y agua,2.383,3.75,4.25,-8.0368,,3410.729,15.2793,3.75,-4.58379,0.5089,0.17,0.8304,0.9732,0.1339,0.7141,S2,Crecimiento,Moderada
2019-09,M04,Electricidad y agua,2.4823,3.82,4.25,-1.8019,,3399.457,12.054,3.82,-3.6162,0.5804,0.33,0.8036,0.9732,0.1875,0.7386,S2,Crecimiento,Moderada
2019-10,M04,Electricidad y agua,1.795,3.86,4.25,-7.0419,,3433.3116,11.2966,3.86,-3.3889799999999997,0.4196,0.21,0.7768,0.9732,0.2054,0.6934,S2,Crecimiento,Moderada
2019-11,M04,Electricidad y agua,0.9657,3.84,4.25,24.5262,,3401.473,6.4946,3.84,-1.94838,0.2857,0.92,0.7857,0.9732,0.3482,0.7778,S2,Crecimiento,Moderada
2019-12,M04,Electricidad y agua,2.5903,3.8,4.25,6.3906,,3378.0506,4.9556,3.8,-1.4866799999999998,0.6071,0.6,0.8125,0.9732,0.3929,0.7912,S2,Crecimiento,Moderada
2020-01,M04,Electricidad y agua,2.4327,3.62,4.25,16.1969,,3311.1894,4.6127,3.62,-1.38381,0.5357,0.83,0.8393,0.9732,0.4018,0.8205,S1,Aceleración,Baja
2020-02,M04,Electricidad y agua,3.0942,3.72,4.25,44.28630932334072,,3411.0528,9.4746,3.72,-2.84238,0.6786,0.99,0.8304,0.9732,0.2768,0.851,S1,Aceleración,Baja
2020-03,M04,Electricidad y agua,-1.3583,3.86,4.2177,4.5943,,3877.0484,23.9195,3.86,-7.17585,0.0625,0.53,0.7768,0.9732,0.0446,0.6777,S2,Crecimiento,Moderada
2020-04,M04,Electricidad y agua,-10.3355,3.51,3.75,8.0645,,3977.3933,26.0358,3.51,-7.810739999999999,0.0,0.67,0.8393,0.9911,0.0268,0.7132,S2,Crecimiento,Moderada
2020-05,M04,Electricidad y agua,-9.8842,2.85,3.2984,-9.0187,,3858.1916,16.7559,2.85,-5.02677,0.0,0.17,1.0,0.9911,0.1161,0.706,S2,Crecimiento,Moderada
2020-06,M04,Electricidad y agua,-6.6956,2.19,2.75,23.7835,,3701.6043,13.5281,2.19,-4.0584299999999995,0.0,0.92,1.0,1.0,0.1696,0.8092,S1,Aceleración,Baja
2020-07,M04,Electricidad y agua,-6.1205,1.97,2.5,8.3068,,3657.8668,14.0731,1.97,-4.2219299999999995,0.0,0.68,1.0,1.0,0.1607,0.7776,S2,Crecimiento,Moderada
2020-08,M04,Electricidad y agua,-5.9721,1.88,2.2661,4.3522,,3783.0258,10.9155,1.88,-3.27465,0.0,0.53,1.0,1.0,0.2321,0.762,S2,Crecimiento,Moderada
2020-09,M04,Electricidad y agua,-4.82,1.97,1.975,-0.0565,,3750.2153,10.3181,1.97,-3.09543,0.0,0.36,1.0,1.0,0.2589,0.7415,S2,Crecimiento,Moderada
2020-10,M04,Electricidad y agua,-2.4309,1.75,1.75,24.0018,,3833.7884,11.6644,1.75,-3.49932,0.0089,0.92,1.0,1.0,0.1964,0.8118,S1,Aceleración,Baja
2020-11,M04,Electricidad y agua,-2.0475,1.49,1.75,-18.032,,3685.6267,8.3538,1.49,-2.50614,0.0268,0.02,1.0,1.0,0.3125,0.704,S2,Crecimiento,Moderada
2020-12,M04,Electricidad y agua,-1.6311,1.61,1.75,22.4193,,3466.1271,2.6073,1.61,-0.7821899999999999,0.0446,0.92,1.0,1.0,0.4464,0.8302,S1,Aceleración,Baja
2021-01,M04,Electricidad y agua,-2.5065,1.6,1.75,-4.588,,3491.3216,5.4401,1.6,-1.63203,0.0089,0.28,1.0,1.0,0.375,0.7386,S2,Crecimiento,Moderada
2021-02,M04,Electricidad y agua,-1.7427,1.56,1.75,-6.9267,,3554.5043,4.2055,1.56,-1.26165,0.0357,0.22,1.0,1.0,0.4196,0.7369,S2,Crecimiento,Moderada
2021-03,M04,Electricidad y agua,2.4805,1.51,1.75,13.6203,,3612.7684,-6.8165,1.51,2.0449499999999996,0.5714,0.77,1.0,1.0,0.7143,0.8967,S1,Aceleración,Baja
2021-04,M04,Electricidad y agua,11.8498,1.95,1.75,37.9687,,3650.776,-8.2118,1.95,2.46354,1.0,0.99,1.0,1.0,0.7321,0.9843,S1,Aceleración,Baja
2021-05,M04,Electricidad y agua,7.3145,3.3,1.75,-26.1597,,3735.6661,-3.1757,3.3,0.95271,0.9911,0.0,0.8839,1.0,0.6339,0.8114,S1,Aceleración,Baja
2021-06,M04,Electricidad y agua,8.0762,3.63,1.75,44.28630932334072,,3685.0427,-0.4474,3.63,0.13422,0.9911,0.99,0.8393,1.0,0.5357,0.9197,S1,Aceleración,Baja
2021-07,M04,Electricidad y agua,9.1178,3.97,1.75,-14.7101,,3829.4181,4.6899,3.97,-1.4069699999999998,0.9911,0.06,0.7589,1.0,0.4018,0.7657,S2,Crecimiento,Moderada
2021-08,M04,Electricidad y agua,7.7256,4.44,1.75,44.28630932334072,,3881.1835,2.5947,4.44,-0.7784099999999999,0.9911,0.99,0.6786,1.0,0.4464,0.8621,S1,Aceleración,Baja
2021-09,M04,Electricidad y agua,8.7057,4.51,1.75,39.3127,,3821.5377,1.9018,4.51,-0.5705399999999999,0.9911,0.99,0.6696,1.0,0.4554,0.8597,S1,Aceleración,Baja
2021-10,M04,Electricidad y agua,8.0369,4.58,2.0,44.28630932334072,,3773.3842,-1.5756,4.58,0.47267999999999993,0.9911,0.99,0.6607,1.0,0.5804,0.8635,S1,Aceleración,Baja
2021-11,M04,Electricidad y agua,6.8523,5.26,2.4833,22.3877,,3902.901,5.8952,5.26,-1.76856,0.9911,0.92,0.5089,1.0,0.375,0.7935,S2,Crecimiento,Moderada
2021-12,M04,Electricidad y agua,5.6366,5.62,2.6935,32.7843,,3963.1335,14.339,5.62,-4.3017,0.9375,0.98,0.4286,1.0,0.1518,0.7556,S2,Crecimiento,Moderada
2022-01,M04,Electricidad y agua,6.1888,6.94,3.0323,44.28630932334072,,3999.6161,14.5588,6.94,-4.36764,0.9643,0.99,0.3482,1.0,0.1429,0.7337,S2,Crecimiento,Moderada
2022-02,M04,Electricidad y agua,5.0249,8.01,4.0,7.4535,,3935.8357,10.7281,8.01,-3.2184299999999997,0.9196,0.64,0.25,0.9911,0.2321,0.6517,S2,Crecimiento,Moderada
2022-03,M04,Electricidad y agua,6.1235,8.53,4.0,27.1509,,3807.171,5.381,8.53,-1.6143,0.9554,0.95,0.2143,0.9911,0.375,0.6927,S2,Crecimiento,Moderada
2022-04,M04,Electricidad y agua,6.4887,9.23,5.0,6.0378,,3792.982,3.8952,9.23,-1.16856,0.9821,0.59,0.1786,0.6518,0.4286,0.5212,S3,Estabilidad,Moderada
2022-05,M04,Electricidad y agua,10.3129,9.07,5.9677,14.1231,,4019.0794,7.5867,9.07,-2.27601,0.9911,0.78,0.1875,0.5804,0.3125,0.5186,S3,Estabilidad,Moderada
2022-06,M04,Electricidad y agua,5.6539,9.67,6.0,12.2717,,3930.7667,6.6681,9.67,-2.0004299999999997,0.9375,0.74,0.1607,0.5714,0.3393,0.4956,S3,Estabilidad,Moderada
2022-07,M04,Electricidad y agua,3.7044,10.21,7.5,16.8243,,4367.8058,14.0593,10.21,-4.21779,0.8036,0.83,0.1429,0.4732,0.1607,0.439,S3,Estabilidad,Moderada
2022-08,M04,Electricidad y agua,4.4571,10.84,9.0,7.256,,4322.4694,11.3699,10.84,-3.41097,0.8839,0.63,0.125,0.4018,0.1964,0.3948,S4,Decrecimiento,Media
2022-09,M04,Electricidad y agua,1.4735,11.44,9.0333,-4.7698,,4433.651,16.0175,11.44,-4.805249999999999,0.375,0.27,0.0982,0.3929,0.1161,0.2629,S4,Decrecimiento,Media
2022-10,M04,Electricidad y agua,1.5212,12.22,10.0323,4.0281,,4711.8303,24.8701,12.22,-7.46103,0.3929,0.52,0.0714,0.25,0.0357,0.2342,S4,Decrecimiento,Media
2022-11,M04,Electricidad y agua,2.6281,12.53,11.0,19.2437,,4926.6607,26.2307,12.53,-7.869209999999999,0.6161,0.88,0.0536,0.1964,0.0179,0.2854,S4,Decrecimiento,Media
2022-12,M04,Electricidad y agua,2.4428,13.12,11.4194,26.0927,,4788.4906,20.8259,13.12,-6.24777,0.5446,0.94,0.0357,0.1696,0.0714,0.271,S4,Decrecimiento,Media
2023-01,M04,Electricidad y agua,2.6952,13.25,12.0484,-1.7585,,4715.2039,17.8914,13.25,-5.36742,0.6429,0.34,0.0268,0.1429,0.0982,0.1957,S5,Contracción,Alta
2023-02,M04,Electricidad y agua,2.5655,13.28,12.75,6.9392,,4803.1125,22.0354,13.28,-6.61062,0.5982,0.61,0.0179,0.1161,0.0536,0.2099,S4,Decrecimiento,Media
2023-03,M04,Electricidad y agua,1.8501,13.34,12.7581,-21.2518,,4766.3058,25.1928,13.34,-7.557839999999999,0.4286,0.01,0.0089,0.0982,0.0268,0.0984,S5,Contracción,Alta
2023-04,M04,Electricidad y agua,1.2844,12.82,13.0,0.6277,,4542.6743,19.7652,12.82,-5.9295599999999995,0.3393,0.4,0.0446,0.0893,0.0804,0.1483,S5,Contracción,Alta
2023-05,M04,Electricidad y agua,2.3673,12.36,13.2419,-5.6442,,4540.089,12.9634,12.36,-3.88902,0.5,0.24,0.0625,0.0625,0.1696,0.1506,S5,Contracción,Alta
2023-06,M04,Electricidad y agua,3.6129,12.13,13.25,2.6844,,4209.268,7.0852,12.13,-2.12556,0.7589,0.49,0.0804,0.0536,0.3304,0.2295,S4,Decrecimiento,Media
2023-07,M04,Electricidad y agua,1.4275,11.78,13.25,7.7527,,4069.2335,-6.8358,11.78,2.05074,0.3661,0.66,0.0893,0.0536,0.7143,0.2219,S4,Decrecimiento,Media
2023-08,M04,Electricidad y agua,4.0936,11.43,13.25,-12.8444,,4070.7252,-5.8241,11.43,1.7472299999999998,0.8482,0.09,0.1071,0.0536,0.6875,0.2179,S4,Decrecimiento,Media
2023-09,M04,Electricidad y agua,5.8836,10.99,13.25,4.6884,,4004.5207,-9.6789,10.99,2.90367,0.9464,0.53,0.1161,0.0536,0.7411,0.294,S4,Decrecimiento,Media
2023-10,M04,Electricidad y agua,4.2505,10.48,13.25,10.2507,,4222.4332,-10.3866,10.48,3.11598,0.8661,0.72,0.1339,0.0536,0.7679,0.315,S4,Decrecimiento,Media
2023-11,M04,Electricidad y agua,3.6678,10.15,13.25,1.1603,,4038.8047,-18.0215,10.15,5.4064499999999995,0.7857,0.42,0.1518,0.0536,0.9732,0.2822,S4,Decrecimiento,Media
2023-12,M04,Electricidad y agua,4.1585,9.28,13.1532,8.1838,,3948.2068,-17.548,9.28,5.264399999999999,0.8571,0.67,0.1696,0.0714,0.9643,0.3359,S4,Decrecimiento,Media
2024-01,M04,Electricidad y agua,4.9047,8.35,13.0,-9.105,,3915.1987,-16.9665,8.35,5.08995,0.9107,0.15,0.2232,0.0893,0.9554,0.2993,S4,Decrecimiento,Media
2024-02,M04,Electricidad y agua,4.6628,7.74,12.75,1.3897,,3931.4386,-18.1481,7.74,5.44443,0.9018,0.44,0.2768,0.1161,0.9821,0.3641,S4,Decrecimiento,Media
2024-03,M04,Electricidad y agua,6.2635,7.36,12.6532,29.3912,,3899.3413,-18.1894,7.36,5.45682,0.9732,0.97,0.3036,0.125,0.9911,0.4548,S3,Estabilidad,Moderada
2024-04,M04,Electricidad y agua,5.3355,7.16,12.25,3.0999,,3867.9753,-14.8525,7.16,4.455749999999999,0.9286,0.5,0.3393,0.1339,0.8304,0.3941,S4,Decrecimiento,Media
2024-05,M04,Electricidad y agua,2.716,7.16,11.7661,2.5896,,3869.1006,-14.7792,7.16,4.4337599999999995,0.6518,0.48,0.3393,0.1518,0.8214,0.3598,S4,Decrecimiento,Media
2024-06,M04,Electricidad y agua,0.7162,7.18,11.75,-4.4167,,4042.797,-3.9549,7.18,1.18647,0.2232,0.29,0.3214,0.1607,0.6518,0.2652,S4,Decrecimiento,Media
2024-07,M04,Electricidad y agua,3.1238,6.86,11.2661,-10.2287,,4036.9219,-0.794,6.86,0.2382,0.6875,0.13,0.3571,0.1786,0.5625,0.3207,S4,Decrecimiento,Media
2024-08,M04,Electricidad y agua,1.3414,6.12,10.75,8.969,,4065.5465,-0.1272,6.12,0.03816,0.3482,0.69,0.3929,0.2143,0.5089,0.3686,S4,Decrecimiento,Media
2024-09,M04,Electricidad y agua,0.1104,5.81,10.75,13.9338,,4182.5123,4.4448,5.81,-1.33344,0.1964,0.77,0.4196,0.2143,0.4018,0.3613,S4,Decrecimiento,Media
2024-10,M04,Electricidad y agua,1.0753,5.41,10.25,3.4465,,4249.47,0.6403,5.41,-0.19208999999999998,0.2946,0.51,0.4643,0.2321,0.4821,0.3663,S4,Decrecimiento,Media
2024-11,M04,Electricidad y agua,-0.9574,5.2,9.75,7.1003,,4408.6523,9.1574,5.2,-2.74722,0.0625,0.62,0.5357,0.2589,0.2768,0.3708,S4,Decrecimiento,Media
2024-12,M04,Electricidad y agua,0.9458,5.2,9.6774,-9.7251,,4385.1487,11.0668,5.2,-3.32004,0.2768,0.14,0.5357,0.2679,0.2232,0.3381,S4,Decrecimiento,Media
2025-01,M04,Electricidad y agua,-0.1222,5.22,9.5,14.7656,,4307.5674,10.0217,5.22,-3.0065099999999996,0.1518,0.8,0.5179,0.3036,0.2589,0.4152,S3,Estabilidad,Moderada
2025-02,M04,Electricidad y agua,-0.0112,5.28,9.5,5.1682,,4127.9539,4.9986,5.28,-1.49958,0.1696,0.55,0.5089,0.3036,0.3839,0.3891,S4,Decrecimiento,Media
2025-03,M04,Electricidad y agua,-2.2104,5.09,9.5,0.4067,,4137.6845,6.1124,5.09,-1.83372,0.0179,0.36,0.5982,0.3036,0.3571,0.3717,S4,Decrecimiento,Media
2025-04,M04,Electricidad y agua,-0.6233,5.16,9.5,-3.8078,,4280.258,10.6589,5.16,-3.1976699999999996,0.1161,0.31,0.5625,0.3036,0.2411,0.3606,S4,Decrecimiento,Media
2025-05,M04,Electricidad y agua,1.2238,5.05,9.2581,0.652,,4203.3771,8.6396,5.05,-2.5918799999999997,0.3304,0.41,0.6071,0.3125,0.2946,0.4233,S3,Estabilidad,Moderada
2025-06,M04,Electricidad y agua,2.4262,4.82,9.25,21.2749,,4113.485,1.7485,4.82,-0.52455,0.5268,0.89,0.625,0.3839,0.4554,0.5518,S3,Estabilidad,Moderada
2025-07,M04,Electricidad y agua,3.1232,4.9,9.25,10.6699,,4040.8484,0.0973,4.9,-0.029189999999999997,0.6786,0.73,0.6161,0.3839,0.4911,0.5507,S3,Estabilidad,Moderada
2025-08,M04,Electricidad y agua,0.8649,5.1,9.25,2.5638,,4047.4116,-0.4461,5.1,0.13383,0.2589,0.47,0.5804,0.3839,0.5268,0.4503,S3,Estabilidad,Moderada
2025-09,M04,Electricidad y agua,1.4852,5.18,9.25,-10.9108,,3922.212,-6.2235,5.18,1.8670499999999999,0.3839,0.1,0.5536,0.3839,0.7054,0.4202,S3,Estabilidad,Moderada
2025-10,M04,Electricidad y agua,1.648,5.51,9.25,-5.3893,,3877.8448,-8.7452,5.51,2.62356,0.4107,0.26,0.4464,0.3839,0.7321,0.4108,S3,Estabilidad,Moderada
2025-11,M04,Electricidad y agua,4.3098,5.3,9.25,5.5116,,3786.1833,-14.1193,5.3,4.23579,0.875,0.57,0.4911,0.3839,0.8036,0.5325,S3,Estabilidad,Moderada
2025-12,M04,Electricidad y agua,2.1608,5.1,9.25,-5.5902,,3791.4719,-13.5384,5.1,4.06152,0.4643,0.25,0.5804,0.3839,0.7857,0.4636,S3,Estabilidad,Moderada
2026-01,M04,Electricidad y agua,2.2274,5.35,9.25,-10.5935,,3702.999,-14.035,5.35,4.2105,0.4821,0.11,0.4821,0.3839,0.7946,0.4161,S3,Estabilidad,Moderada
2026-02,M04,Electricidad y agua,1.1366,5.29,10.2143,27.6005,,3675.6414,-10.9573,5.29,3.28719,0.3036,0.96,0.5,0.2411,0.7768,0.4565,S3,Estabilidad,Moderada
2026-03,M04,Electricidad y agua,3.9366,5.56,10.25,21.5275,,3717.5574,-10.1537,5.56,3.04611,0.8304,0.9,0.4375,0.2321,0.7589,0.4956,S3,Estabilidad,Moderada
2026-04,M04,Electricidad y agua,3.9366,5.09,11.25,21.5275,,3617.5187,-15.4836,5.09,4.645079999999999,0.8304,0.9,0.5982,0.1875,0.8393,0.537,S3,Estabilidad,Moderada
2015-01,M05,Construcción,4.9231,3.82,4.5,,,2397.2581,-15.4836,3.82,7.7418,0.7946,,0.8036,0.7857,0.8393,0.7972,S2,Crecimiento,Moderada
2015-02,M05,Construcción,5.0258,4.36,4.5,,,2420.6725,-15.4836,4.36,7.7418,0.8036,,0.7143,0.7857,0.8393,0.7649,S2,Crecimiento,Moderada
2015-03,M05,Construcción,6.2502,4.56,4.5,,,2585.3623,-15.4836,4.56,7.7418,0.8482,,0.6696,0.7857,0.8393,0.755,S2,Crecimiento,Moderada
2015-04,M05,Construcción,10.939,4.64,4.5,,,2505.248,-15.4836,4.64,7.7418,0.9554,,0.6607,0.7857,0.8393,0.7683,S2,Crecimiento,Moderada
2015-05,M05,Construcción,11.064,4.41,4.5,,,2437.5352,-15.4836,4.41,7.7418,0.9643,,0.6964,0.7857,0.8393,0.7832,S2,Crecimiento,Moderada
2015-06,M05,Construcción,7.9955,4.42,4.5,,,2562.4777,-15.4836,4.42,7.7418,0.8929,,0.6875,0.7857,0.8393,0.7687,S2,Crecimiento,Moderada
2015-07,M05,Construcción,4.3374,4.46,4.5,,,2732.0358,-15.4836,4.46,7.7418,0.7589,,0.6786,0.7857,0.8393,0.7444,S2,Crecimiento,Moderada
2015-08,M05,Construcción,0.5595,4.74,4.5,,,3012.5874,-15.4836,4.74,7.7418,0.5714,,0.6339,0.7857,0.8393,0.6984,S2,Crecimiento,Moderada
2015-09,M05,Construcción,1.0812,5.35,4.525,,,3066.408,-15.4836,5.35,7.7418,0.6339,,0.4821,0.6964,0.8393,0.6147,S2,Crecimiento,Moderada
2015-10,M05,Construcción,5.7158,5.89,4.75,,,2929.4723,-15.4836,5.89,7.7418,0.8304,,0.4107,0.6786,0.8393,0.6112,S2,Crecimiento,Moderada
2015-11,M05,Construcción,8.3741,6.39,5.225,,,3001.3763,-15.4836,6.39,7.7418,0.9018,,0.3839,0.6429,0.8393,0.5977,S3,Estabilidad,Moderada
2015-12,M05,Construcción,10.0846,6.77,5.5887,,,3244.2016,-15.4836,6.77,7.7418,0.9375,,0.3661,0.6071,0.8393,0.5821,S3,Estabilidad,Moderada
2016-01,M05,Construcción,10.103,7.45,5.75,4.4228,,3270.1952,36.414,7.45,-18.207,0.9464,0.62,0.2946,0.5982,0.0089,0.5168,S3,Estabilidad,Moderada
2016-02,M05,Construcción,8.9766,7.59,6.069,5.9903,,3354.9569,38.5961,7.59,-19.29805,0.9196,0.78,0.2857,0.5625,0.0,0.5179,S3,Estabilidad,Moderada
2016-03,M05,Construcción,6.5213,7.98,6.3306,-11.6857,,3128.789,21.0194,7.98,-10.5097,0.875,0.02,0.2589,0.5446,0.0625,0.4017,S3,Estabilidad,Moderada
2016-04,M05,Construcción,2.0816,7.93,6.5,0.6667,,2997.727,19.6579,7.93,-9.82895,0.6607,0.49,0.2679,0.5357,0.0893,0.4348,S3,Estabilidad,Moderada
2016-05,M05,Construcción,4.4339,8.2,6.9919,5.9427,,2993.5084,22.8088,8.2,-11.4044,0.7679,0.77,0.2321,0.5179,0.0446,0.4651,S3,Estabilidad,Moderada
2016-06,M05,Construcción,2.9715,8.6,7.3167,6.372,,2992.8587,16.7955,8.6,-8.39775,0.7232,0.79,0.2054,0.4911,0.1071,0.4468,S3,Estabilidad,Moderada
2016-07,M05,Construcción,1.1504,8.97,7.5,-11.3611,,2960.9997,8.3807,8.97,-4.19035,0.6429,0.03,0.1964,0.4732,0.3036,0.3388,S4,Decrecimiento,Media
2016-08,M05,Construcción,6.2719,8.1,7.75,0.4794,,2952.7668,-1.9857,8.1,0.99285,0.8571,0.48,0.2411,0.4375,0.5804,0.4432,S3,Estabilidad,Moderada
2016-09,M05,Construcción,5.1106,7.27,7.75,5.586,,2924.2653,-4.6355,7.27,2.31775,0.8125,0.73,0.3125,0.4375,0.6696,0.4977,S3,Estabilidad,Moderada
2016-10,M05,Construcción,-1.5714,6.48,7.75,-0.9175,,2929.3887,-0.0029,6.48,0.00145,0.375,0.41,0.375,0.4375,0.5,0.4083,S3,Estabilidad,Moderada
2016-11,M05,Construcción,0.1821,5.96,7.75,5.6989,,3110.2587,3.6277,5.96,-1.81385,0.5089,0.74,0.4018,0.4375,0.4375,0.4746,S3,Estabilidad,Moderada
2016-12,M05,Construcción,-2.2038,5.75,7.6452,-1.1376,,3009.8639,-7.2233,5.75,3.61165,0.3393,0.4,0.4286,0.4464,0.7232,0.4349,S3,Estabilidad,Moderada
2017-01,M05,Construcción,-4.6586,5.47,7.5,-5.3524,,2941.3994,-10.0543,5.47,5.02715,0.1607,0.17,0.4554,0.4732,0.75,0.4006,S3,Estabilidad,Moderada
2017-02,M05,Construcción,-4.441,5.18,7.4821,-1.2523,,2879.5668,-14.1698,5.18,7.0849,0.1786,0.38,0.5536,0.4821,0.8125,0.469,S3,Estabilidad,Moderada
2017-03,M05,Construcción,-4.4888,4.69,7.2097,-1.4555,,2942.2861,-5.9609,4.69,2.98045,0.1696,0.37,0.6429,0.5,0.6964,0.4958,S3,Estabilidad,Moderada
2017-04,M05,Construcción,0.5957,4.66,7.0,-8.2528,,2877.8217,-3.9999,4.66,1.99995,0.5804,0.08,0.6518,0.5089,0.6607,0.5182,S3,Estabilidad,Moderada
2017-05,M05,Construcción,-2.162,4.37,6.5,-1.976,,2923.6129,-2.3349,4.37,1.16745,0.3482,0.33,0.7054,0.5357,0.6071,0.5432,S3,Estabilidad,Moderada
2017-06,M05,Construcción,0.3026,3.99,6.25,-1.1742,,2957.0983,-1.1949,3.99,0.59745,0.5536,0.39,0.75,0.5536,0.5714,0.5979,S3,Estabilidad,Moderada
2017-07,M05,Construcción,-0.6137,3.4,5.7661,7.6432,,3036.5839,2.5527,3.4,-1.27635,0.4375,0.83,0.8571,0.5893,0.4464,0.6801,S2,Crecimiento,Moderada
2017-08,M05,Construcción,-3.6447,3.87,5.5,1.768,,2973.2048,0.6922,3.87,-0.3461,0.2054,0.54,0.7679,0.6161,0.4732,0.5926,S3,Estabilidad,Moderada
2017-09,M05,Construcción,-1.696,3.97,5.25,-15.4251,,2917.085,-0.2455,3.97,0.12275,0.3661,0.0,0.7589,0.625,0.5179,0.5471,S3,Estabilidad,Moderada
2017-10,M05,Construcción,0.1606,4.05,5.2339,5.4445,,2953.7558,0.8318,4.05,-0.4159,0.5,0.72,0.7411,0.6339,0.4643,0.6529,S2,Crecimiento,Moderada
2017-11,M05,Construcción,-3.4964,4.12,4.9667,-10.1801,,3013.4667,-3.112,4.12,1.556,0.2232,0.05,0.7232,0.6607,0.625,0.5408,S3,Estabilidad,Moderada
2017-12,M05,Construcción,0.1361,4.09,4.75,1.074,,2991.7619,-0.6014,4.09,0.3007,0.4821,0.52,0.7321,0.6786,0.5446,0.6417,S2,Crecimiento,Moderada
2018-01,M05,Construcción,-2.2601,3.68,4.7339,-6.5006,,2868.5723,-2.4759,3.68,1.23795,0.3214,0.13,0.8393,0.6875,0.6161,0.6116,S2,Crecimiento,Moderada
2018-02,M05,Construcción,-1.5376,3.37,4.5,-3.88,,2860.2529,-0.6707,3.37,0.33535,0.3839,0.23,0.8661,0.7857,0.5536,0.6731,S2,Crecimiento,Moderada
2018-03,M05,Construcción,-1.4058,3.14,4.5,-7.3936,,2847.9306,-3.2069,3.14,1.60345,0.4018,0.1,0.9643,0.7857,0.6339,0.6953,S2,Crecimiento,Moderada
2018-04,M05,Construcción,-4.7349,3.13,4.4917,3.5221,,2766.285,-3.8757,3.13,1.93785,0.1518,0.59,0.9732,0.7946,0.6429,0.7313,S2,Crecimiento,Moderada
2018-05,M05,Construcción,-6.4975,3.16,4.25,-2.3429,,2861.8258,-2.1134,3.16,1.0567,0.0893,0.27,0.9464,0.9732,0.5893,0.7327,S2,Crecimiento,Moderada
2018-06,M05,Construcción,-5.2668,3.2,4.25,-10.5517,,2889.689,-2.2796,3.2,1.1398,0.1429,0.04,0.9286,0.9732,0.5982,0.7048,S2,Crecimiento,Moderada
2018-07,M05,Construcción,0.9453,3.12,4.25,-2.2966,,2885.3219,-4.9813,3.12,2.49065,0.5982,0.29,0.9821,0.9732,0.6786,0.8209,S1,Aceleración,Baja
2018-08,M05,Construcción,2.1241,3.1,4.25,-7.089,,2958.6668,-0.489,3.1,0.2445,0.6696,0.11,0.9911,0.9732,0.5357,0.8025,S1,Aceleración,Baja
2018-09,M05,Construcción,3.3802,3.23,4.25,12.8324,,3033.768,4.0,3.23,-2.0,0.7411,0.96,0.9107,0.9732,0.4196,0.8896,S1,Aceleración,Baja
2018-10,M05,Construcción,2.6434,3.33,4.25,-5.6013,,3084.831,4.4376,3.33,-2.2188,0.6964,0.15,0.875,0.9732,0.4107,0.7665,S2,Crecimiento,Moderada
2018-11,M05,Construcción,0.3526,3.27,4.25,3.5498,,3194.0343,5.992,3.27,-2.996,0.5625,0.6,0.8929,0.9732,0.3661,0.8101,S1,Aceleración,Baja
2018-12,M05,Construcción,-2.7334,3.18,4.25,-1.5957,,3218.551,7.5805,3.18,-3.79025,0.2768,0.36,0.9375,0.9732,0.3214,0.7524,S2,Crecimiento,Moderada
2019-01,M05,Construcción,-1.7289,3.15,4.25,5.8361,,3165.1881,10.3402,3.15,-5.1701,0.3571,0.75,0.9554,0.9732,0.25,0.8159,S1,Aceleración,Baja
2019-02,M05,Construcción,-2.2548,3.01,4.25,-1.82,,3115.8386,8.9358,3.01,-4.4679,0.3304,0.34,1.0,0.9732,0.2857,0.7757,S2,Crecimiento,Moderada
2019-03,M05,Construcción,0.9299,3.21,4.25,6.851,,3128.6842,9.8582,3.21,-4.9291,0.5893,0.81,0.9196,0.9732,0.2679,0.8444,S1,Aceleración,Baja
2019-04,M05,Construcción,-4.2795,3.25,4.25,5.1223,,3155.765,14.0795,3.25,-7.03975,0.1875,0.7,0.9018,0.9732,0.1518,0.7635,S2,Crecimiento,Moderada
2019-05,M05,Construcción,0.9673,3.31,4.25,-5.1881,,3304.4945,15.4681,3.31,-7.73405,0.6161,0.2,0.8839,0.9732,0.125,0.7496,S2,Crecimiento,Moderada
2019-06,M05,Construcción,-1.2392,3.43,4.25,11.5737,,3260.517,12.8328,3.43,-6.4164,0.4196,0.92,0.8482,0.9732,0.1786,0.8073,S1,Aceleración,Baja
2019-07,M05,Construcción,-3.1632,3.79,4.25,-0.6367,,3206.6003,11.1349,3.79,-5.56745,0.25,0.43,0.8214,0.9732,0.2143,0.714,S2,Crecimiento,Moderada
2019-08,M05,Construcción,-8.7248,3.75,4.25,6.6783,,3410.729,15.2793,3.75,-7.63965,0.0446,0.8,0.8304,0.9732,0.1339,0.7326,S2,Crecimiento,Moderada
2019-09,M05,Construcción,-11.091,3.82,4.25,0.456,,3399.457,12.054,3.82,-6.027,0.0089,0.47,0.8036,0.9732,0.1875,0.6792,S2,Crecimiento,Moderada
2019-10,M05,Construcción,-8.9015,3.86,4.25,-0.8723,,3433.3116,11.2966,3.86,-5.6483,0.0268,0.42,0.7768,0.9732,0.2054,0.6673,S2,Crecimiento,Moderada
2019-11,M05,Construcción,-6.0531,3.84,4.25,4.9804,,3401.473,6.4946,3.84,-3.2473,0.1161,0.69,0.7857,0.9732,0.3482,0.725,S2,Crecimiento,Moderada
2019-12,M05,Construcción,-0.0945,3.8,4.25,7.9592,,3378.0506,4.9556,3.8,-2.4778,0.4732,0.85,0.8125,0.9732,0.3929,0.8054,S1,Aceleración,Baja
2020-01,M05,Construcción,-4.2432,3.62,4.25,-5.3558,,3311.1894,4.6127,3.62,-2.30635,0.1964,0.17,0.8393,0.9732,0.4018,0.689,S2,Crecimiento,Moderada
2020-02,M05,Construcción,-8.6664,3.72,4.25,14.2399,,3411.0528,9.4746,3.72,-4.7373,0.0536,0.97,0.8304,0.9732,0.2768,0.7636,S2,Crecimiento,Moderada
2020-03,M05,Construcción,-43.9387,3.86,4.2177,-6.4204,,3877.0484,23.9195,3.86,-11.95975,0.0,0.14,0.7768,0.9732,0.0446,0.6187,S2,Crecimiento,Moderada
2020-04,M05,Construcción,-66.9228,3.51,3.75,-17.3505,,3977.3933,26.0358,3.51,-13.0179,0.0,0.0,0.8393,0.9911,0.0268,0.6264,S2,Crecimiento,Moderada
2020-05,M05,Construcción,-39.8944,2.85,3.2984,-13.1738,,3858.1916,16.7559,2.85,-8.37795,0.0,0.01,1.0,0.9911,0.1161,0.6853,S2,Crecimiento,Moderada
2020-06,M05,Construcción,-25.0334,2.19,2.75,-17.5211,,3701.6043,13.5281,2.19,-6.76405,0.0,0.0,1.0,1.0,0.1696,0.69,S2,Crecimiento,Moderada
2020-07,M05,Construcción,-29.0149,1.97,2.5,-8.7102,,3657.8668,14.0731,1.97,-7.03655,0.0,0.08,1.0,1.0,0.1607,0.6999,S2,Crecimiento,Moderada
2020-08,M05,Construcción,-26.7984,1.88,2.2661,-11.3235,,3783.0258,10.9155,1.88,-5.45775,0.0,0.04,1.0,1.0,0.2321,0.6986,S2,Crecimiento,Moderada
2020-09,M05,Construcción,-32.9081,1.97,1.975,-10.4851,,3750.2153,10.3181,1.97,-5.15905,0.0,0.05,1.0,1.0,0.2589,0.7013,S2,Crecimiento,Moderada
2020-10,M05,Construcción,-21.3538,1.75,1.75,-2.9686,,3833.7884,11.6644,1.75,-5.8322,0.0,0.26,1.0,1.0,0.1964,0.7252,S2,Crecimiento,Moderada
2020-11,M05,Construcción,-26.1511,1.49,1.75,-4.9116,,3685.6267,8.3538,1.49,-4.1769,0.0,0.21,1.0,1.0,0.3125,0.7249,S2,Crecimiento,Moderada
2020-12,M05,Construcción,-30.2091,1.61,1.75,-10.4561,,3466.1271,2.6073,1.61,-1.30365,0.0,0.05,1.0,1.0,0.4464,0.7114,S2,Crecimiento,Moderada
2021-01,M05,Construcción,-23.5928,1.6,1.75,3.251,,3491.3216,5.4401,1.6,-2.72005,0.0,0.59,1.0,1.0,0.375,0.7775,S2,Crecimiento,Moderada
2021-02,M05,Construcción,-20.3079,1.56,1.75,-9.7289,,3554.5043,4.2055,1.56,-2.10275,0.0,0.06,1.0,1.0,0.4196,0.7113,S2,Crecimiento,Moderada
2021-03,M05,Construcción,34.0765,1.51,1.75,21.3805472935735,,3612.7684,-6.8165,1.51,3.40825,1.0,1.0,1.0,1.0,0.7143,0.9846,S1,Aceleración,Baja
2021-04,M05,Construcción,129.514,1.95,1.75,21.3805472935735,,3650.776,-8.2118,1.95,4.1059,1.0,1.0,1.0,1.0,0.7321,0.9856,S1,Aceleración,Baja
2021-05,M05,Construcción,9.769,3.3,1.75,13.6143,,3735.6661,-3.1757,3.3,1.58785,0.9286,0.97,0.8839,1.0,0.6339,0.9286,S1,Aceleración,Baja
2021-06,M05,Construcción,-6.4905,3.63,1.75,15.4964,,3685.0427,-0.4474,3.63,0.2237,0.0982,0.98,0.8393,1.0,0.5357,0.7973,S2,Crecimiento,Moderada
2021-07,M05,Construcción,-3.5244,3.97,1.75,14.8067,,3829.4181,4.6899,3.97,-2.34495,0.2232,0.97,0.7589,1.0,0.4018,0.7793,S2,Crecimiento,Moderada
2021-08,M05,Construcción,-4.8653,4.44,1.75,21.3805472935735,,3881.1835,2.5947,4.44,-1.29735,0.1518,1.0,0.6786,1.0,0.4464,0.7495,S2,Crecimiento,Moderada
2021-09,M05,Construcción,11.3309,4.51,1.75,5.9201,,3821.5377,1.9018,4.51,-0.9509,0.9732,0.76,0.6696,1.0,0.4554,0.8275,S1,Aceleración,Baja
2021-10,M05,Construcción,6.6361,4.58,2.0,4.4207,,3773.3842,-1.5756,4.58,0.7878,0.8839,0.62,0.6607,1.0,0.5804,0.801,S1,Aceleración,Baja
2021-11,M05,Construcción,3.5796,5.26,2.4833,10.1217,,3902.901,5.8952,5.26,-2.9476,0.75,0.9,0.5089,1.0,0.375,0.7582,S2,Crecimiento,Moderada
2021-12,M05,Construcción,7.7734,5.62,2.6935,2.9865,,3963.1335,14.339,5.62,-7.1695,0.8929,0.59,0.4286,1.0,0.1518,0.6991,S2,Crecimiento,Moderada
2022-01,M05,Construcción,5.8904,6.94,3.0323,9.7759,,3999.6161,14.5588,6.94,-7.2794,0.8393,0.89,0.3482,1.0,0.1429,0.7038,S2,Crecimiento,Moderada
2022-02,M05,Construcción,7.4492,8.01,4.0,16.7536,,3935.8357,10.7281,8.01,-5.36405,0.8839,0.99,0.25,0.9911,0.2321,0.6922,S2,Crecimiento,Moderada
2022-03,M05,Construcción,-0.265,8.53,4.0,-11.7615,,3807.171,5.381,8.53,-2.6905,0.4554,0.01,0.2143,0.9911,0.375,0.5031,S3,Estabilidad,Moderada
2022-04,M05,Construcción,8.4584,9.23,5.0,0.9607,,3792.982,3.8952,9.23,-1.9476,0.9107,0.51,0.1786,0.6518,0.4286,0.5012,S3,Estabilidad,Moderada
2022-05,M05,Construcción,11.9576,9.07,5.9677,11.0178,,4019.0794,7.5867,9.07,-3.79335,0.9732,0.9,0.1875,0.5804,0.3125,0.5317,S3,Estabilidad,Moderada
2022-06,M05,Construcción,9.809,9.67,6.0,12.2583,,3930.7667,6.6681,9.67,-3.33405,0.9286,0.94,0.1607,0.5714,0.3393,0.5203,S3,Estabilidad,Moderada
2022-07,M05,Construcción,18.1339,10.21,7.5,0.0562,,4367.8058,14.0593,10.21,-7.02965,0.9821,0.45,0.1429,0.4732,0.1607,0.414,S3,Estabilidad,Moderada
2022-08,M05,Construcción,20.3164,10.84,9.0,7.5513,,4322.4694,11.3699,10.84,-5.68495,0.9911,0.82,0.125,0.4018,0.1964,0.434,S3,Estabilidad,Moderada
2022-09,M05,Construcción,4.4761,11.44,9.0333,1.0851,,4433.651,16.0175,11.44,-8.00875,0.7768,0.53,0.0982,0.3929,0.1161,0.3511,S4,Decrecimiento,Media
2022-10,M05,Construcción,-3.8719,12.22,10.0323,0.6748,,4711.8303,24.8701,12.22,-12.43505,0.1964,0.5,0.0714,0.25,0.0357,0.2049,S4,Decrecimiento,Media
2022-11,M05,Construcción,2.8485,12.53,11.0,-5.8991,,4926.6607,26.2307,12.53,-13.11535,0.7143,0.14,0.0536,0.1964,0.0179,0.2029,S4,Decrecimiento,Media
2022-12,M05,Construcción,-1.2576,13.12,11.4194,8.817,,4788.4906,20.8259,13.12,-10.41295,0.4107,0.88,0.0357,0.1696,0.0714,0.2451,S4,Decrecimiento,Media
2023-01,M05,Construcción,0.9655,13.25,12.0484,-9.5695,,4715.2039,17.8914,13.25,-8.9457,0.6071,0.06,0.0268,0.1429,0.0982,0.1546,S5,Contracción,Alta
2023-02,M05,Construcción,-2.5719,13.28,12.75,-1.769,,4803.1125,22.0354,13.28,-11.0177,0.3036,0.35,0.0179,0.1161,0.0536,0.1362,S5,Contracción,Alta
2023-03,M05,Construcción,-3.0338,13.34,12.7581,7.8646,,4766.3058,25.1928,13.34,-12.5964,0.2589,0.84,0.0089,0.0982,0.0268,0.1829,S5,Contracción,Alta
2023-04,M05,Construcción,-8.8943,12.82,13.0,4.5025,,4542.6743,19.7652,12.82,-9.8826,0.0357,0.64,0.0446,0.0893,0.0804,0.1382,S5,Contracción,Alta
2023-05,M05,Construcción,6.4125,12.36,13.2419,-5.4242,,4540.089,12.9634,12.36,-6.4817,0.8661,0.16,0.0625,0.0625,0.1696,0.1899,S5,Contracción,Alta
2023-06,M05,Construcción,-1.5288,12.13,13.25,0.1212,,4209.268,7.0852,12.13,-3.5426,0.3929,0.46,0.0804,0.0536,0.3304,0.176,S5,Contracción,Alta
2023-07,M05,Construcción,-11.9484,11.78,13.25,15.851,,4069.2335,-6.8358,11.78,3.4179,0.0,0.98,0.0893,0.0536,0.7143,0.2136,S4,Decrecimiento,Media
2023-08,M05,Construcción,-8.9479,11.43,13.25,-3.0883,,4070.7252,-5.8241,11.43,2.91205,0.0179,0.25,0.1071,0.0536,0.6875,0.1259,S5,Contracción,Alta
2023-09,M05,Construcción,-0.1005,10.99,13.25,2.568,,4004.5207,-9.6789,10.99,4.83945,0.4643,0.56,0.1161,0.0536,0.7411,0.2325,S4,Decrecimiento,Media
2023-10,M05,Construcción,-7.6275,10.48,13.25,2.7676,,4222.4332,-10.3866,10.48,5.1933,0.0714,0.57,0.1339,0.0536,0.7679,0.1878,S5,Contracción,Alta
2023-11,M05,Construcción,0.25,10.15,13.25,7.9901,,4038.8047,-18.0215,10.15,9.01075,0.5357,0.86,0.1518,0.0536,0.9732,0.3053,S4,Decrecimiento,Media
2023-12,M05,Construcción,1.6389,9.28,13.1532,-5.2319,,3948.2068,-17.548,9.28,8.774,0.6518,0.18,0.1696,0.0714,0.9643,0.2446,S4,Decrecimiento,Media
2024-01,M05,Construcción,-3.319,8.35,13.0,3.6626,,3915.1987,-16.9665,8.35,8.48325,0.2321,0.61,0.2232,0.0893,0.9554,0.2668,S4,Decrecimiento,Media
2024-02,M05,Construcción,3.0256,7.74,12.75,-3.2889,,3931.4386,-18.1481,7.74,9.07405,0.7321,0.24,0.2768,0.1161,0.9821,0.3152,S4,Decrecimiento,Media
2024-03,M05,Construcción,1.034,7.36,12.6532,-4.5596,,3899.3413,-18.1894,7.36,9.0947,0.625,0.21,0.3036,0.125,0.9911,0.3092,S4,Decrecimiento,Media
2024-04,M05,Construcción,5.5955,7.16,12.25,-0.1772,,3867.9753,-14.8525,7.16,7.42625,0.8214,0.44,0.3393,0.1339,0.8304,0.3718,S4,Decrecimiento,Media
2024-05,M05,Construcción,-0.8209,7.16,11.7661,11.1797,,3869.1006,-14.7792,7.16,7.3896,0.4286,0.91,0.3393,0.1518,0.8214,0.3852,S4,Decrecimiento,Media
2024-06,M05,Construcción,-3.5769,7.18,11.75,-7.9607,,4042.797,-3.9549,7.18,1.97745,0.2143,0.09,0.3214,0.1607,0.6518,0.238,S4,Decrecimiento,Media
2024-07,M05,Construcción,2.5041,6.86,11.2661,-6.9382,,4036.9219,-0.794,6.86,0.397,0.6875,0.12,0.3571,0.1786,0.5625,0.3194,S4,Decrecimiento,Media
2024-08,M05,Construcción,4.2057,6.12,10.75,-5.1934,,4065.5465,-0.1272,6.12,0.0636,0.75,0.19,0.3929,0.2143,0.5089,0.3584,S4,Decrecimiento,Media
2024-09,M05,Construcción,-2.6589,5.81,10.75,-2.0644,,4182.5123,4.4448,5.81,-2.2224,0.2857,0.32,0.4196,0.2143,0.4018,0.3152,S4,Decrecimiento,Media
2024-10,M05,Construcción,4.5189,5.41,10.25,5.231,,4249.47,0.6403,5.41,-0.32015,0.7857,0.71,0.4643,0.2321,0.4821,0.4588,S3,Estabilidad,Moderada
2024-11,M05,Construcción,-2.9929,5.2,9.75,-8.8868,,4408.6523,9.1574,5.2,-4.5787,0.2679,0.07,0.5357,0.2589,0.2768,0.3275,S4,Decrecimiento,Media
2024-12,M05,Construcción,-5.6366,5.2,9.6774,4.5909,,4385.1487,11.0668,5.2,-5.5334,0.1339,0.65,0.5357,0.2679,0.2232,0.3847,S4,Decrecimiento,Media
2025-01,M05,Construcción,-0.3576,5.22,9.5,2.9601,,4307.5674,10.0217,5.22,-5.01085,0.4464,0.58,0.5179,0.3036,0.2589,0.4267,S3,Estabilidad,Moderada
2025-02,M05,Construcción,-7.1274,5.28,9.5,14.829,,4127.9539,4.9986,5.28,-2.4993,0.0804,0.97,0.5089,0.3036,0.3839,0.4313,S3,Estabilidad,Moderada
2025-03,M05,Construcción,-3.2118,5.09,9.5,8.1395,,4137.6845,6.1124,5.09,-3.0562,0.2411,0.87,0.5982,0.3036,0.3571,0.4681,S3,Estabilidad,Moderada
2025-04,M05,Construcción,-6.2838,5.16,9.5,-2.1723,,4280.258,10.6589,5.16,-5.32945,0.1071,0.31,0.5625,0.3036,0.2411,0.3594,S4,Decrecimiento,Media
2025-05,M05,Construcción,-7.8555,5.05,9.2581,-2.6228,,4203.3771,8.6396,5.05,-4.3198,0.0625,0.26,0.6071,0.3125,0.2946,0.3675,S4,Decrecimiento,Media
2025-06,M05,Construcción,2.6609,4.82,9.25,2.3537,,4113.485,1.7485,4.82,-0.87425,0.7054,0.55,0.625,0.3839,0.4554,0.532,S3,Estabilidad,Moderada
2025-07,M05,Construcción,2.2489,4.9,9.25,4.7622,,4040.8484,0.0973,4.9,-0.04865,0.6786,0.66,0.6161,0.3839,0.4911,0.5417,S3,Estabilidad,Moderada
2025-08,M05,Construcción,-6.464,5.1,9.25,11.6322,,4047.4116,-0.4461,5.1,0.22305,0.0982,0.93,0.5804,0.3839,0.5268,0.4881,S3,Estabilidad,Moderada
2025-09,M05,Construcción,0.2682,5.18,9.25,4.4334,,3922.212,-6.2235,5.18,3.11175,0.5446,0.63,0.5536,0.3839,0.7054,0.5106,S3,Estabilidad,Moderada
2025-10,M05,Construcción,-2.335,5.51,9.25,-4.2834,,3877.8448,-8.7452,5.51,4.3726,0.3125,0.22,0.4464,0.3839,0.7321,0.3923,S4,Decrecimiento,Media
2025-11,M05,Construcción,-2.6082,5.3,9.25,12.2939,,3786.1833,-14.1193,5.3,7.05965,0.2946,0.95,0.4911,0.3839,0.8036,0.5029,S3,Estabilidad,Moderada
2025-12,M05,Construcción,0.1513,5.1,9.25,-2.3336,,3791.4719,-13.5384,5.1,6.7692,0.4911,0.28,0.5804,0.3839,0.7857,0.4712,S3,Estabilidad,Moderada
2026-01,M05,Construcción,-8.0189,5.35,9.25,5.9326,,3702.999,-14.035,5.35,7.0175,0.0536,0.76,0.4821,0.3839,0.7946,0.4422,S3,Estabilidad,Moderada
2026-02,M05,Construcción,-5.7825,5.29,10.2143,-2.2383,,3675.6414,-10.9573,5.29,5.47865,0.125,0.3,0.5,0.2411,0.7768,0.3468,S4,Decrecimiento,Media
2026-03,M05,Construcción,0.2488,5.56,10.25,4.9616,,3717.5574,-10.1537,5.56,5.07685,0.5179,0.67,0.4375,0.2321,0.7589,0.4234,S3,Estabilidad,Moderada
2026-04,M05,Construcción,0.2488,5.09,11.25,4.9616,,3617.5187,-15.4836,5.09,7.7418,0.5179,0.67,0.5982,0.1875,0.8393,0.4648,S3,Estabilidad,Moderada
2015-01,M06,"Comercio, transporte y turismo",4.2649,3.82,4.5,,,2397.2581,-15.4836,3.82,-4.645079999999999,0.7768,,0.8036,0.7857,0.0446,0.7452,S2,Crecimiento,Moderada
2015-02,M06,"Comercio, transporte y turismo",2.797,4.36,4.5,,,2420.6725,-15.4836,4.36,-4.645079999999999,0.4464,,0.7143,0.7857,0.0446,0.66,S2,Crecimiento,Moderada
2015-03,M06,"Comercio, transporte y turismo",3.4413,4.56,4.5,,,2585.3623,-15.4836,4.56,-4.645079999999999,0.6071,,0.6696,0.7857,0.0446,0.6682,S2,Crecimiento,Moderada
2015-04,M06,"Comercio, transporte y turismo",2.0536,4.64,4.5,,,2505.248,-15.4836,4.64,-4.645079999999999,0.3393,,0.6607,0.7857,0.0446,0.6231,S2,Crecimiento,Moderada
2015-05,M06,"Comercio, transporte y turismo",3.022,4.41,4.5,,,2437.5352,-15.4836,4.41,-4.645079999999999,0.4911,,0.6964,0.7857,0.0446,0.6602,S2,Crecimiento,Moderada
2015-06,M06,"Comercio, transporte y turismo",3.9287,4.42,4.5,,,2562.4777,-15.4836,4.42,-4.645079999999999,0.7054,,0.6875,0.7857,0.0446,0.6903,S2,Crecimiento,Moderada
2015-07,M06,"Comercio, transporte y turismo",3.4072,4.46,4.5,,,2732.0358,-15.4836,4.46,-4.645079999999999,0.5893,,0.6786,0.7857,0.0446,0.6688,S2,Crecimiento,Moderada
2015-08,M06,"Comercio, transporte y turismo",3.4449,4.74,4.5,,,3012.5874,-15.4836,4.74,-4.645079999999999,0.6161,,0.6339,0.7857,0.0446,0.6561,S2,Crecimiento,Moderada
2015-09,M06,"Comercio, transporte y turismo",3.1499,5.35,4.525,,,3066.408,-15.4836,5.35,-4.645079999999999,0.5179,,0.4821,0.6964,0.0446,0.5474,S3,Estabilidad,Moderada
2015-10,M06,"Comercio, transporte y turismo",3.3167,5.89,4.75,,,2929.4723,-15.4836,5.89,-4.645079999999999,0.5714,,0.4107,0.6786,0.0446,0.5216,S3,Estabilidad,Moderada
2015-11,M06,"Comercio, transporte y turismo",3.0562,6.39,5.225,,,3001.3763,-15.4836,6.39,-4.645079999999999,0.5,,0.3839,0.6429,0.0446,0.4859,S3,Estabilidad,Moderada
2015-12,M06,"Comercio, transporte y turismo",4.1115,6.77,5.5887,,,3244.2016,-15.4836,6.77,-4.645079999999999,0.7411,,0.3661,0.6071,0.0446,0.5023,S3,Estabilidad,Moderada
2016-01,M06,"Comercio, transporte y turismo",3.794,7.45,5.75,4.1461,,3270.1952,36.414,7.45,10.9242,0.6875,0.7,0.2946,0.5982,0.9821,0.5445,S3,Estabilidad,Moderada
2016-02,M06,"Comercio, transporte y turismo",2.4996,7.59,6.069,3.2076,,3354.9569,38.5961,7.59,11.57883,0.4018,0.63,0.2857,0.5625,0.9911,0.4817,S3,Estabilidad,Moderada
2016-03,M06,"Comercio, transporte y turismo",3.1396,7.98,6.3306,0.9706,,3128.789,21.0194,7.98,6.30582,0.5089,0.36,0.2589,0.5446,0.9286,0.4428,S3,Estabilidad,Moderada
2016-04,M06,"Comercio, transporte y turismo",3.2917,7.93,6.5,1.0202,,2997.727,19.6579,7.93,5.8973700000000004,0.5625,0.38,0.2679,0.5357,0.9018,0.451,S3,Estabilidad,Moderada
2016-05,M06,"Comercio, transporte y turismo",1.8672,8.2,6.9919,-0.6485,,2993.5084,22.8088,8.2,6.84264,0.2768,0.2,0.2321,0.5179,0.9464,0.3733,S4,Decrecimiento,Media
2016-06,M06,"Comercio, transporte y turismo",2.7491,8.6,7.3167,0.7775,,2992.8587,16.7955,8.6,5.03865,0.4375,0.33,0.2054,0.4911,0.8839,0.3903,S4,Decrecimiento,Media
2016-07,M06,"Comercio, transporte y turismo",0.3881,8.97,7.5,3.5975,,2960.9997,8.3807,8.97,2.51421,0.1786,0.66,0.1964,0.4732,0.6875,0.3781,S4,Decrecimiento,Media
2016-08,M06,"Comercio, transporte y turismo",3.2188,8.1,7.75,-0.3613,,2952.7668,-1.9857,8.1,-0.59571,0.5268,0.23,0.2411,0.4375,0.4107,0.3568,S4,Decrecimiento,Media
2016-09,M06,"Comercio, transporte y turismo",3.3192,7.27,7.75,-2.8064,,2924.2653,-4.6355,7.27,-1.3906500000000002,0.5804,0.03,0.3125,0.4375,0.3214,0.3568,S4,Decrecimiento,Media
2016-10,M06,"Comercio, transporte y turismo",1.0276,6.48,7.75,2.7439,,2929.3887,-0.0029,6.48,-0.0008699999999999999,0.2143,0.57,0.375,0.4375,0.4911,0.4067,S3,Estabilidad,Moderada
2016-11,M06,"Comercio, transporte y turismo",2.9687,5.96,7.75,3.7662,,3110.2587,3.6277,5.96,1.0883099999999999,0.4732,0.68,0.4018,0.4375,0.5536,0.4683,S3,Estabilidad,Moderada
2016-12,M06,"Comercio, transporte y turismo",3.9894,5.75,7.6452,1.4895,,3009.8639,-7.2233,5.75,-2.1669899999999997,0.7143,0.45,0.4286,0.4464,0.2679,0.4678,S3,Estabilidad,Moderada
2017-01,M06,"Comercio, transporte y turismo",0.1415,5.47,7.5,-0.871,,2941.3994,-10.0543,5.47,-3.0162899999999997,0.1518,0.15,0.4554,0.4732,0.2411,0.3694,S4,Decrecimiento,Media
2017-02,M06,"Comercio, transporte y turismo",2.6124,5.18,7.4821,3.0588,,2879.5668,-14.1698,5.18,-4.25094,0.4196,0.62,0.5536,0.4821,0.1786,0.4986,S3,Estabilidad,Moderada
2017-03,M06,"Comercio, transporte y turismo",2.0287,4.69,7.2097,-0.6052,,2942.2861,-5.9609,4.69,-1.7882699999999998,0.3304,0.21,0.6429,0.5,0.2946,0.4753,S3,Estabilidad,Moderada
2017-04,M06,"Comercio, transporte y turismo",2.4894,4.66,7.0,-1.8179,,2877.8217,-3.9999,4.66,-1.19997,0.3929,0.1,0.6518,0.5089,0.3304,0.4775,S3,Estabilidad,Moderada
2017-05,M06,"Comercio, transporte y turismo",2.0691,4.37,6.5,0.57,,2923.6129,-2.3349,4.37,-0.70047,0.3482,0.3,0.7054,0.5357,0.3839,0.5273,S3,Estabilidad,Moderada
2017-06,M06,"Comercio, transporte y turismo",2.5843,3.99,6.25,0.393,,2957.0983,-1.1949,3.99,-0.35847,0.4107,0.28,0.75,0.5536,0.4196,0.556,S3,Estabilidad,Moderada
2017-07,M06,"Comercio, transporte y turismo",5.0364,3.4,5.7661,-2.2589,,3036.5839,2.5527,3.4,0.76581,0.8304,0.08,0.8571,0.5893,0.5446,0.6416,S2,Crecimiento,Moderada
2017-08,M06,"Comercio, transporte y turismo",2.2516,3.87,5.5,-1.3717,,2973.2048,0.6922,3.87,0.20766,0.375,0.11,0.7679,0.6161,0.5179,0.5624,S3,Estabilidad,Moderada
2017-09,M06,"Comercio, transporte y turismo",1.8701,3.97,5.25,0.6681,,2917.085,-0.2455,3.97,-0.07365,0.2857,0.32,0.7589,0.625,0.4732,0.5752,S3,Estabilidad,Moderada
2017-10,M06,"Comercio, transporte y turismo",-0.0172,4.05,5.2339,0.6638,,2953.7558,0.8318,4.05,0.24953999999999998,0.1429,0.31,0.7411,0.6339,0.5268,0.5547,S3,Estabilidad,Moderada
2017-11,M06,"Comercio, transporte y turismo",1.2226,4.12,4.9667,-3.1325,,3013.4667,-3.112,4.12,-0.9336,0.2321,0.02,0.7232,0.6607,0.3661,0.5242,S3,Estabilidad,Moderada
2017-12,M06,"Comercio, transporte y turismo",0.1789,4.09,4.75,1.4824,,2991.7619,-0.6014,4.09,-0.18042,0.1607,0.44,0.7321,0.6786,0.4464,0.5825,S3,Estabilidad,Moderada
2018-01,M06,"Comercio, transporte y turismo",4.0317,3.68,4.7339,-0.1523,,2868.5723,-2.4759,3.68,-0.74277,0.7232,0.24,0.8393,0.6875,0.375,0.6674,S2,Crecimiento,Moderada
2018-02,M06,"Comercio, transporte y turismo",3.2412,3.37,4.5,-2.8064,,2860.2529,-0.6707,3.37,-0.20120999999999997,0.5446,0.03,0.8661,0.7857,0.4375,0.6627,S2,Crecimiento,Moderada
2018-03,M06,"Comercio, transporte y turismo",4.138,3.14,4.5,1.4692,,2847.9306,-3.2069,3.14,-0.96207,0.75,0.43,0.9643,0.7857,0.3571,0.7703,S2,Crecimiento,Moderada
2018-04,M06,"Comercio, transporte y turismo",1.9008,3.13,4.4917,4.9448,,2766.285,-3.8757,3.13,-1.16271,0.2946,0.75,0.9732,0.7946,0.3482,0.7555,S2,Crecimiento,Moderada
2018-05,M06,"Comercio, transporte y turismo",3.2563,3.16,4.25,-0.6802,,2861.8258,-2.1134,3.16,-0.6340199999999999,0.5536,0.18,0.9464,0.9732,0.4018,0.7739,S2,Crecimiento,Moderada
2018-06,M06,"Comercio, transporte y turismo",2.6691,3.2,4.25,-0.5323,,2889.689,-2.2796,3.2,-0.6838799999999999,0.4286,0.22,0.9286,0.9732,0.3929,0.7558,S2,Crecimiento,Moderada
2018-07,M06,"Comercio, transporte y turismo",1.5947,3.12,4.25,1.5337,,2885.3219,-4.9813,3.12,-1.4943899999999999,0.2589,0.47,0.9821,0.9732,0.3125,0.7784,S2,Crecimiento,Moderada
2018-08,M06,"Comercio, transporte y turismo",1.9412,3.1,4.25,1.2398,,2958.6668,-0.489,3.1,-0.1467,0.3036,0.39,0.9911,0.9732,0.4554,0.7848,S2,Crecimiento,Moderada
2018-09,M06,"Comercio, transporte y turismo",2.1426,3.23,4.25,3.3889,,3033.768,4.0,3.23,1.2,0.3571,0.64,0.9107,0.9732,0.5714,0.8043,S1,Aceleración,Baja
2018-10,M06,"Comercio, transporte y turismo",2.9118,3.33,4.25,-2.2271,,3084.831,4.4376,3.33,1.3312799999999998,0.4554,0.09,0.875,0.9732,0.5804,0.7351,S2,Crecimiento,Moderada
2018-11,M06,"Comercio, transporte y turismo",2.9942,3.27,4.25,-3.3082,,3194.0343,5.992,3.27,1.7975999999999999,0.4821,0.01,0.8929,0.9732,0.625,0.7367,S2,Crecimiento,Moderada
2018-12,M06,"Comercio, transporte y turismo",1.34,3.18,4.25,-2.5047,,3218.551,7.5805,3.18,2.2741499999999997,0.25,0.06,0.9375,0.9732,0.6696,0.7287,S2,Crecimiento,Moderada
2019-01,M06,"Comercio, transporte y turismo",2.0283,3.15,4.25,1.4147,,3165.1881,10.3402,3.15,3.10206,0.3214,0.42,0.9554,0.9732,0.7411,0.7948,S2,Crecimiento,Moderada
2019-02,M06,"Comercio, transporte y turismo",1.7959,3.01,4.25,4.631,,3115.8386,8.9358,3.01,2.68074,0.2679,0.74,1.0,0.9732,0.7054,0.8417,S1,Aceleración,Baja
2019-03,M06,"Comercio, transporte y turismo",1.1373,3.21,4.25,1.585,,3128.6842,9.8582,3.21,2.9574599999999998,0.2232,0.48,0.9196,0.9732,0.7232,0.7765,S2,Crecimiento,Moderada
2019-04,M06,"Comercio, transporte y turismo",3.866,3.25,4.25,-4.2876,,3155.765,14.0795,3.25,4.22385,0.6964,0.0,0.9018,0.9732,0.8393,0.779,S2,Crecimiento,Moderada
2019-05,M06,"Comercio, transporte y turismo",3.4105,3.31,4.25,2.8252,,3304.4945,15.4681,3.31,4.640429999999999,0.5982,0.59,0.8839,0.9732,0.8661,0.8376,S1,Aceleración,Baja
2019-06,M06,"Comercio, transporte y turismo",3.7196,3.43,4.25,-0.6762,,3260.517,12.8328,3.43,3.84984,0.6696,0.19,0.8482,0.9732,0.8125,0.7809,S2,Crecimiento,Moderada
2019-07,M06,"Comercio, transporte y turismo",5.3916,3.79,4.25,0.1424,,3206.6003,11.1349,3.79,3.34047,0.875,0.26,0.8214,0.9732,0.7768,0.8071,S1,Aceleración,Baja
2019-08,M06,"Comercio, transporte y turismo",6.0556,3.75,4.25,1.3133,,3410.729,15.2793,3.75,4.58379,0.8929,0.41,0.8304,0.9732,0.8571,0.8362,S1,Aceleración,Baja
2019-09,M06,"Comercio, transporte y turismo",4.5969,3.82,4.25,-1.3354,,3399.457,12.054,3.82,3.6162,0.8036,0.12,0.8036,0.9732,0.8036,0.7749,S2,Crecimiento,Moderada
2019-10,M06,"Comercio, transporte y turismo",4.191,3.86,4.25,1.0151,,3433.3116,11.2966,3.86,3.3889799999999997,0.7589,0.37,0.7768,0.9732,0.7857,0.7914,S2,Crecimiento,Moderada
2019-11,M06,"Comercio, transporte y turismo",3.715,3.84,4.25,11.6411,,3401.473,6.4946,3.84,1.94838,0.6607,0.98,0.7857,0.9732,0.6429,0.8523,S1,Aceleración,Baja
2019-12,M06,"Comercio, transporte y turismo",5.0749,3.8,4.25,5.8835,,3378.0506,4.9556,3.8,1.4866799999999998,0.8482,0.81,0.8125,0.9732,0.5982,0.8621,S1,Aceleración,Baja
2020-01,M06,"Comercio, transporte y turismo",6.2085,3.62,4.25,-1.2031,,3311.1894,4.6127,3.62,1.38381,0.9018,0.14,0.8393,0.9732,0.5982,0.7914,S2,Crecimiento,Moderada
2020-02,M06,"Comercio, transporte y turismo",8.2545,3.72,4.25,0.7578,,3411.0528,9.4746,3.72,2.84238,0.9196,0.33,0.8304,0.9732,0.7232,0.8223,S1,Aceleración,Baja
2020-03,M06,"Comercio, transporte y turismo",-7.6793,3.86,4.2177,-2.6643,,3877.0484,23.9195,3.86,7.17585,0.0,0.05,0.7768,0.9732,0.9554,0.6561,S2,Crecimiento,Moderada
2020-04,M06,"Comercio, transporte y turismo",-38.8505,3.51,3.75,-8.764110457203747,,3977.3933,26.0358,3.51,7.810739999999999,0.0,0.0,0.8393,0.9911,0.9732,0.6775,S2,Crecimiento,Moderada
2020-05,M06,"Comercio, transporte y turismo",-31.3103,2.85,3.2984,-8.764110457203747,,3858.1916,16.7559,2.85,5.02677,0.0,0.0,1.0,0.9911,0.8839,0.7254,S2,Crecimiento,Moderada
2020-06,M06,"Comercio, transporte y turismo",-26.5592,2.19,2.75,-8.764110457203747,,3701.6043,13.5281,2.19,4.0584299999999995,0.0,0.0,1.0,1.0,0.8304,0.7257,S2,Crecimiento,Moderada
2020-07,M06,"Comercio, transporte y turismo",-23.4531,1.97,2.5,-8.764110457203747,,3657.8668,14.0731,1.97,4.2219299999999995,0.0,0.0,1.0,1.0,0.8393,0.7261,S2,Crecimiento,Moderada
2020-08,M06,"Comercio, transporte y turismo",-23.3719,1.88,2.2661,-8.764110457203747,,3783.0258,10.9155,1.88,3.27465,0.0,0.0,1.0,1.0,0.7679,0.7223,S2,Crecimiento,Moderada
2020-09,M06,"Comercio, transporte y turismo",-11.3425,1.97,1.975,-8.764110457203747,,3750.2153,10.3181,1.97,3.09543,0.0,0.0,1.0,1.0,0.7411,0.7208,S2,Crecimiento,Moderada
2020-10,M06,"Comercio, transporte y turismo",-5.9009,1.75,1.75,-6.0793,,3833.7884,11.6644,1.75,3.49932,0.0268,0.0,1.0,1.0,0.8036,0.7279,S2,Crecimiento,Moderada
2020-11,M06,"Comercio, transporte y turismo",-2.6698,1.49,1.75,-8.764110457203747,,3685.6267,8.3538,1.49,2.50614,0.0714,0.0,1.0,1.0,0.6875,0.7276,S2,Crecimiento,Moderada
2020-12,M06,"Comercio, transporte y turismo",-6.5814,1.61,1.75,-7.5222,,3466.1271,2.6073,1.61,0.7821899999999999,0.0179,0.0,1.0,1.0,0.5536,0.7132,S2,Crecimiento,Moderada
2021-01,M06,"Comercio, transporte y turismo",-10.3318,1.6,1.75,-8.764110457203747,,3491.3216,5.4401,1.6,1.63203,0.0,0.0,1.0,1.0,0.625,0.7146,S2,Crecimiento,Moderada
2021-02,M06,"Comercio, transporte y turismo",-6.4213,1.56,1.75,-8.764110457203747,,3554.5043,4.2055,1.56,1.26165,0.0179,0.0,1.0,1.0,0.5804,0.7146,S2,Crecimiento,Moderada
2021-03,M06,"Comercio, transporte y turismo",16.8898,1.51,1.75,-6.5463,,3612.7684,-6.8165,1.51,-2.0449499999999996,0.9732,0.0,1.0,1.0,0.2857,0.8284,S1,Aceleración,Baja
2021-04,M06,"Comercio, transporte y turismo",51.0381,1.95,1.75,2.2627,,3650.776,-8.2118,1.95,-2.46354,1.0,0.55,1.0,1.0,0.2679,0.9023,S1,Aceleración,Baja
2021-05,M06,"Comercio, transporte y turismo",33.0472,3.3,1.75,0.6838,,3735.6661,-3.1757,3.3,-0.95271,1.0,0.33,0.8839,1.0,0.3661,0.841,S1,Aceleración,Baja
2021-06,M06,"Comercio, transporte y turismo",37.9848,3.63,1.75,7.3418,,3685.0427,-0.4474,3.63,-0.13422,1.0,0.87,0.8393,1.0,0.4643,0.9015,S1,Aceleración,Baja
2021-07,M06,"Comercio, transporte y turismo",35.7653,3.97,1.75,6.9599,,3829.4181,4.6899,3.97,1.4069699999999998,1.0,0.86,0.7589,1.0,0.5982,0.8811,S1,Aceleración,Baja
2021-08,M06,"Comercio, transporte y turismo",35.5568,4.44,1.75,7.4802,,3881.1835,2.5947,4.44,0.7784099999999999,1.0,0.87,0.6786,1.0,0.5536,0.8536,S1,Aceleración,Baja
2021-09,M06,"Comercio, transporte y turismo",23.0567,4.51,1.75,3.642,,3821.5377,1.9018,4.51,0.5705399999999999,0.9732,0.68,0.6696,1.0,0.5446,0.8219,S1,Aceleración,Baja
2021-10,M06,"Comercio, transporte y turismo",22.3118,4.58,2.0,1.1001,,3773.3842,-1.5756,4.58,-0.47267999999999993,0.9732,0.39,0.6607,1.0,0.4196,0.7747,S2,Crecimiento,Moderada
2021-11,M06,"Comercio, transporte y turismo",16.1577,5.26,2.4833,2.1864,,3902.901,5.8952,5.26,1.76856,0.9643,0.54,0.5089,1.0,0.625,0.7541,S2,Crecimiento,Moderada
2021-12,M06,"Comercio, transporte y turismo",19.8986,5.62,2.6935,1.338,,3963.1335,14.339,5.62,4.3017,0.9732,0.42,0.4286,1.0,0.8482,0.7255,S2,Crecimiento,Moderada
2022-01,M06,"Comercio, transporte y turismo",23.4835,6.94,3.0323,8.5658,,3999.6161,14.5588,6.94,4.36764,0.9732,0.93,0.3482,1.0,0.8482,0.7651,S2,Crecimiento,Moderada
2022-02,M06,"Comercio, transporte y turismo",9.5823,8.01,4.0,9.1331,,3935.8357,10.7281,8.01,3.2184299999999997,0.9286,0.94,0.25,0.9911,0.7589,0.7202,S2,Crecimiento,Moderada
2022-03,M06,"Comercio, transporte y turismo",11.562,8.53,4.0,10.6696,,3807.171,5.381,8.53,1.6143,0.9464,0.95,0.2143,0.9911,0.6161,0.7045,S2,Crecimiento,Moderada
2022-04,M06,"Comercio, transporte y turismo",24.154,9.23,5.0,13.969980457203748,,3792.982,3.8952,9.23,1.16856,0.9821,0.99,0.1786,0.6518,0.5625,0.5803,S3,Estabilidad,Moderada
2022-05,M06,"Comercio, transporte y turismo",29.2612,9.07,5.9677,11.1343,,4019.0794,7.5867,9.07,2.27601,0.9911,0.96,0.1875,0.5804,0.6786,0.5616,S3,Estabilidad,Moderada
2022-06,M06,"Comercio, transporte y turismo",16.5878,9.67,6.0,8.0012,,3930.7667,6.6681,9.67,2.0004299999999997,0.9643,0.88,0.1607,0.5714,0.6518,0.5342,S3,Estabilidad,Moderada
2022-07,M06,"Comercio, transporte y turismo",12.8493,10.21,7.5,7.9793,,4367.8058,14.0593,10.21,4.21779,0.9554,0.87,0.1429,0.4732,0.8304,0.5008,S3,Estabilidad,Moderada
2022-08,M06,"Comercio, transporte y turismo",11.0843,10.84,9.0,8.4018,,4322.4694,11.3699,10.84,3.41097,0.9375,0.92,0.125,0.4018,0.7946,0.4719,S3,Estabilidad,Moderada
2022-09,M06,"Comercio, transporte y turismo",9.2658,11.44,9.0333,11.4373,,4433.651,16.0175,11.44,4.805249999999999,0.9196,0.97,0.0982,0.3929,0.875,0.4683,S3,Estabilidad,Moderada
2022-10,M06,"Comercio, transporte y turismo",4.404,12.22,10.0323,8.3982,,4711.8303,24.8701,12.22,7.46103,0.7857,0.91,0.0714,0.25,0.9554,0.3876,S4,Decrecimiento,Media
2022-11,M06,"Comercio, transporte y turismo",-2.7096,12.53,11.0,2.9275,,4926.6607,26.2307,12.53,7.869209999999999,0.0625,0.6,0.0536,0.1964,0.9732,0.2255,S4,Decrecimiento,Media
2022-12,M06,"Comercio, transporte y turismo",1.2848,13.12,11.4194,0.8335,,4788.4906,20.8259,13.12,6.24777,0.2411,0.34,0.0357,0.1696,0.9196,0.1978,S5,Contracción,Alta
2023-01,M06,"Comercio, transporte y turismo",-1.6734,13.25,12.0484,8.0953,,4715.2039,17.8914,13.25,5.36742,0.0893,0.89,0.0268,0.1429,0.8929,0.2347,S4,Decrecimiento,Media
2023-02,M06,"Comercio, transporte y turismo",3.6702,13.28,12.75,5.7743,,4803.1125,22.0354,13.28,6.61062,0.6429,0.8,0.0179,0.1161,0.9375,0.2882,S4,Decrecimiento,Media
2023-03,M06,"Comercio, transporte y turismo",-4.5552,13.34,12.7581,2.2113,,4766.3058,25.1928,13.34,7.557839999999999,0.0536,0.54,0.0089,0.0982,0.9643,0.1667,S5,Contracción,Alta
2023-04,M06,"Comercio, transporte y turismo",-1.8271,12.82,13.0,1.9698,,4542.6743,19.7652,12.82,5.9295599999999995,0.0804,0.52,0.0446,0.0893,0.9107,0.1735,S5,Contracción,Alta
2023-05,M06,"Comercio, transporte y turismo",-4.6928,12.36,13.2419,8.3455,,4540.089,12.9634,12.36,3.88902,0.0446,0.9,0.0625,0.0625,0.8214,0.2094,S4,Decrecimiento,Media
2023-06,M06,"Comercio, transporte y turismo",-5.8175,12.13,13.25,4.5957,,4209.268,7.0852,12.13,2.12556,0.0268,0.73,0.0804,0.0536,0.6607,0.1791,S5,Contracción,Alta
2023-07,M06,"Comercio, transporte y turismo",-6.0339,11.78,13.25,6.5344,,4069.2335,-6.8358,11.78,-2.05074,0.0179,0.84,0.0893,0.0536,0.2768,0.1743,S5,Contracción,Alta
2023-08,M06,"Comercio, transporte y turismo",-5.0573,11.43,13.25,1.5061,,4070.7252,-5.8241,11.43,-1.7472299999999998,0.0357,0.46,0.1071,0.0536,0.3036,0.1348,S5,Contracción,Alta
2023-09,M06,"Comercio, transporte y turismo",-6.8843,10.99,13.25,3.0449,,4004.5207,-9.6789,10.99,-2.90367,0.0089,0.61,0.1161,0.0536,0.25,0.1507,S5,Contracción,Alta
2023-10,M06,"Comercio, transporte y turismo",-7.1524,10.48,13.25,2.1018,,4222.4332,-10.3866,10.48,-3.11598,0.0,0.53,0.1339,0.0536,0.2232,0.1435,S5,Contracción,Alta
2023-11,M06,"Comercio, transporte y turismo",-0.105,10.15,13.25,3.6341,,4038.8047,-18.0215,10.15,-5.4064499999999995,0.1339,0.67,0.1518,0.0536,0.0179,0.1746,S5,Contracción,Alta
2023-12,M06,"Comercio, transporte y turismo",-2.4617,9.28,13.1532,6.7119,,3948.2068,-17.548,9.28,-5.264399999999999,0.0714,0.85,0.1696,0.0714,0.0268,0.2021,S4,Decrecimiento,Media
2024-01,M06,"Comercio, transporte y turismo",-0.7807,8.35,13.0,-0.7104,,3915.1987,-16.9665,8.35,-5.08995,0.1161,0.17,0.2232,0.0893,0.0357,0.1445,S5,Contracción,Alta
2024-02,M06,"Comercio, transporte y turismo",-1.1163,7.74,12.75,-1.3067,,3931.4386,-18.1481,7.74,-5.44443,0.0982,0.13,0.2768,0.1161,0.0089,0.1625,S5,Contracción,Alta
2024-03,M06,"Comercio, transporte y turismo",-1.1076,7.36,12.6532,1.2674,,3899.3413,-18.1894,7.36,-5.45682,0.1071,0.4,0.3036,0.125,0.0,0.2101,S4,Decrecimiento,Media
2024-04,M06,"Comercio, transporte y turismo",-0.2469,7.16,12.25,1.8234,,3867.9753,-14.8525,7.16,-4.455749999999999,0.125,0.51,0.3393,0.1339,0.1607,0.2503,S4,Decrecimiento,Media
2024-05,M06,"Comercio, transporte y turismo",0.1881,7.16,11.7661,-0.8183,,3869.1006,-14.7792,7.16,-4.4337599999999995,0.1696,0.16,0.3393,0.1518,0.1696,0.2178,S4,Decrecimiento,Media
2024-06,M06,"Comercio, transporte y turismo",0.8813,7.18,11.75,0.3817,,4042.797,-3.9549,7.18,-1.18647,0.1964,0.27,0.3214,0.1607,0.3393,0.2421,S4,Decrecimiento,Media
2024-07,M06,"Comercio, transporte y turismo",0.4851,6.86,11.2661,-2.6413,,4036.9219,-0.794,6.86,-0.2382,0.1875,0.05,0.3571,0.1786,0.4286,0.2352,S4,Decrecimiento,Media
2024-08,M06,"Comercio, transporte y turismo",2.2363,6.12,10.75,4.5792,,4065.5465,-0.1272,6.12,-0.03816,0.3661,0.72,0.3929,0.2143,0.4821,0.3735,S4,Decrecimiento,Media
2024-09,M06,"Comercio, transporte y turismo",0.9871,5.81,10.75,0.4042,,4182.5123,4.4448,5.81,1.33344,0.2054,0.29,0.4196,0.2143,0.5893,0.3105,S4,Decrecimiento,Media
2024-10,M06,"Comercio, transporte y turismo",4.5102,5.41,10.25,2.426,,4249.47,0.6403,5.41,0.19208999999999998,0.7946,0.55,0.4643,0.2321,0.5089,0.4408,S3,Estabilidad,Moderada
2024-11,M06,"Comercio, transporte y turismo",5.1582,5.2,9.75,3.4484,,4408.6523,9.1574,5.2,2.74722,0.8571,0.65,0.5357,0.2589,0.7143,0.5061,S3,Estabilidad,Moderada
2024-12,M06,"Comercio, transporte y turismo",3.7027,5.2,9.6774,5.931,,4385.1487,11.0668,5.2,3.32004,0.6518,0.82,0.5357,0.2679,0.7679,0.5064,S3,Estabilidad,Moderada
2025-01,M06,"Comercio, transporte y turismo",5.2258,5.22,9.5,7.0451,,4307.5674,10.0217,5.22,3.0065099999999996,0.8661,0.86,0.5179,0.3036,0.7321,0.5454,S3,Estabilidad,Moderada
2025-02,M06,"Comercio, transporte y turismo",4.0391,5.28,9.5,5.6571,,4127.9539,4.9986,5.28,1.49958,0.7321,0.79,0.5089,0.3036,0.6071,0.5085,S3,Estabilidad,Moderada
2025-03,M06,"Comercio, transporte y turismo",4.207,5.09,9.5,5.2819,,4137.6845,6.1124,5.09,1.83372,0.7679,0.76,0.5982,0.3036,0.6339,0.5402,S3,Estabilidad,Moderada
2025-04,M06,"Comercio, transporte y turismo",5.7374,5.16,9.5,4.2942,,4280.258,10.6589,5.16,3.1976699999999996,0.8839,0.71,0.5625,0.3036,0.75,0.544,S3,Estabilidad,Moderada
2025-05,M06,"Comercio, transporte y turismo",6.5706,5.05,9.2581,5.3946,,4203.3771,8.6396,5.05,2.5918799999999997,0.9107,0.77,0.6071,0.3125,0.6964,0.5703,S3,Estabilidad,Moderada
2025-06,M06,"Comercio, transporte y turismo",4.8373,4.82,9.25,2.5296,,4113.485,1.7485,4.82,0.52455,0.8125,0.56,0.625,0.3839,0.5357,0.5522,S3,Estabilidad,Moderada
2025-07,M06,"Comercio, transporte y turismo",6.4537,4.9,9.25,6.1567,,4040.8484,0.0973,4.9,0.029189999999999997,0.9018,0.83,0.6161,0.3839,0.5,0.5944,S3,Estabilidad,Moderada
2025-08,M06,"Comercio, transporte y turismo",4.9656,5.1,9.25,0.9261,,4047.4116,-0.4461,5.1,-0.13383,0.8214,0.35,0.5804,0.3839,0.4643,0.5077,S3,Estabilidad,Moderada
2025-09,M06,"Comercio, transporte y turismo",5.0521,5.18,9.25,2.8218,,3922.212,-6.2235,5.18,-1.8670499999999999,0.8393,0.58,0.5536,0.3839,0.2857,0.5215,S3,Estabilidad,Moderada
2025-10,M06,"Comercio, transporte y turismo",3.7723,5.51,9.25,3.7963,,3877.8448,-8.7452,5.51,-2.62356,0.6786,0.69,0.4464,0.3839,0.2589,0.4773,S3,Estabilidad,Moderada
2025-11,M06,"Comercio, transporte y turismo",2.9478,5.3,9.25,5.4129,,3786.1833,-14.1193,5.3,-4.23579,0.4643,0.78,0.4911,0.3839,0.1875,0.4707,S3,Estabilidad,Moderada
2025-12,M06,"Comercio, transporte y turismo",2.279,5.1,9.25,0.0625,,3791.4719,-13.5384,5.1,-4.06152,0.3839,0.25,0.5804,0.3839,0.2054,0.4214,S3,Estabilidad,Moderada
2026-01,M06,"Comercio, transporte y turismo",1.9501,5.35,9.25,-2.275,,3702.999,-14.035,5.35,-4.2105,0.3125,0.07,0.4821,0.3839,0.1964,0.3557,S4,Decrecimiento,Media
2026-02,M06,"Comercio, transporte y turismo",3.2359,5.29,10.2143,-0.9891,,3675.6414,-10.9573,5.29,-3.28719,0.5357,0.14,0.5,0.2411,0.2143,0.3515,S4,Decrecimiento,Media
2026-03,M06,"Comercio, transporte y turismo",3.6287,5.56,10.25,1.7642,,3717.5574,-10.1537,5.56,-3.04611,0.625,0.49,0.4375,0.2321,0.2321,0.3862,S4,Decrecimiento,Media
2026-04,M06,"Comercio, transporte y turismo",3.6287,5.09,11.25,1.7642,,3617.5187,-15.4836,5.09,-4.645079999999999,0.625,0.49,0.5982,0.1875,0.0446,0.4132,S3,Estabilidad,Moderada
2015-01,M07,TIC y economía digital,3.1185,3.82,4.5,,,2397.2581,-15.4836,3.82,3.09672,0.7321,,0.8036,0.7857,0.8393,0.7874,S2,Crecimiento,Moderada
2015-02,M07,TIC y economía digital,-0.5958,4.36,4.5,,,2420.6725,-15.4836,4.36,3.09672,0.2679,,0.7143,0.7857,0.8393,0.6814,S2,Crecimiento,Moderada
2015-03,M07,TIC y economía digital,-0.2494,4.56,4.5,,,2585.3623,-15.4836,4.56,3.09672,0.3036,,0.6696,0.7857,0.8393,0.6701,S2,Crecimiento,Moderada
2015-04,M07,TIC y economía digital,-1.73,4.64,4.5,,,2505.248,-15.4836,4.64,3.09672,0.1429,,0.6607,0.7857,0.8393,0.6417,S2,Crecimiento,Moderada
2015-05,M07,TIC y economía digital,-1.426,4.41,4.5,,,2437.5352,-15.4836,4.41,3.09672,0.1964,,0.6964,0.7857,0.8393,0.6635,S2,Crecimiento,Moderada
2015-06,M07,TIC y economía digital,0.1898,4.42,4.5,,,2562.4777,-15.4836,4.42,3.09672,0.375,,0.6875,0.7857,0.8393,0.688,S2,Crecimiento,Moderada
2015-07,M07,TIC y economía digital,3.4893,4.46,4.5,,,2732.0358,-15.4836,4.46,3.09672,0.7768,,0.6786,0.7857,0.8393,0.7472,S2,Crecimiento,Moderada
2015-08,M07,TIC y economía digital,4.7751,4.74,4.5,,,3012.5874,-15.4836,4.74,3.09672,0.8393,,0.6339,0.7857,0.8393,0.7401,S2,Crecimiento,Moderada
2015-09,M07,TIC y economía digital,3.9978,5.35,4.525,,,3066.408,-15.4836,5.35,3.09672,0.8125,,0.4821,0.6964,0.8393,0.6425,S2,Crecimiento,Moderada
2015-10,M07,TIC y economía digital,2.8974,5.89,4.75,,,2929.4723,-15.4836,5.89,3.09672,0.7143,,0.4107,0.6786,0.8393,0.5931,S3,Estabilidad,Moderada
2015-11,M07,TIC y economía digital,1.1211,6.39,5.225,,,3001.3763,-15.4836,6.39,3.09672,0.5179,,0.3839,0.6429,0.8393,0.5379,S3,Estabilidad,Moderada
2015-12,M07,TIC y economía digital,0.2831,6.77,5.5887,,,3244.2016,-15.4836,6.77,3.09672,0.4018,,0.3661,0.6071,0.8393,0.4986,S3,Estabilidad,Moderada
2016-01,M07,TIC y economía digital,3.8436,7.45,5.75,-15.8966,,3270.1952,36.414,7.45,-7.282800000000001,0.8036,0.02,0.2946,0.5982,0.0089,0.4198,S3,Estabilidad,Moderada
2016-02,M07,TIC y economía digital,-1.4779,7.59,6.069,-8.2389,,3354.9569,38.5961,7.59,-7.71922,0.1875,0.15,0.2857,0.5625,0.0,0.337,S4,Decrecimiento,Media
2016-03,M07,TIC y economía digital,-1.6707,7.98,6.3306,-6.244533333333333,,3128.789,21.0194,7.98,-4.203880000000001,0.1607,0.27,0.2589,0.5446,0.0625,0.3372,S4,Decrecimiento,Media
2016-04,M07,TIC y economía digital,0.5709,7.93,6.5,-7.9589,,2997.727,19.6579,7.93,-3.9315800000000003,0.4286,0.17,0.2679,0.5357,0.0893,0.3618,S4,Decrecimiento,Media
2016-05,M07,TIC y economía digital,0.8169,8.2,6.9919,-9.765933333333336,,2993.5084,22.8088,8.2,-4.5617600000000005,0.4643,0.13,0.2321,0.5179,0.0446,0.3411,S4,Decrecimiento,Media
2016-06,M07,TIC y economía digital,0.5601,8.6,7.3167,-15.548166666666669,,2992.8587,16.7955,8.6,-3.3591,0.4196,0.04,0.2054,0.4911,0.1071,0.3085,S4,Decrecimiento,Media
2016-07,M07,TIC y economía digital,0.0107,8.97,7.5,-13.935466666666663,,2960.9997,8.3807,8.97,-1.67614,0.3571,0.07,0.1964,0.4732,0.3036,0.3052,S4,Decrecimiento,Media
2016-08,M07,TIC y economía digital,-0.5079,8.1,7.75,-14.780166666666668,,2952.7668,-1.9857,8.1,0.39714000000000005,0.2768,0.06,0.2411,0.4375,0.5804,0.31,S4,Decrecimiento,Media
2016-09,M07,TIC y economía digital,-1.9472,7.27,7.75,-5.678733333333334,,2924.2653,-4.6355,7.27,0.9271000000000001,0.125,0.29,0.3125,0.4375,0.6696,0.3475,S4,Decrecimiento,Media
2016-10,M07,TIC y economía digital,-2.6943,6.48,7.75,-5.648833333333333,,2929.3887,-0.0029,6.48,0.00058,0.0714,0.3,0.375,0.4375,0.5,0.3529,S4,Decrecimiento,Media
2016-11,M07,TIC y economía digital,-2.3476,5.96,7.75,-11.368266666666663,,3110.2587,3.6277,5.96,-0.7255400000000001,0.0982,0.08,0.4018,0.4375,0.4375,0.3334,S4,Decrecimiento,Media
2016-12,M07,TIC y economía digital,-2.9132,5.75,7.6452,-21.218733333333333,,3009.8639,-7.2233,5.75,1.44466,0.0446,0.0,0.4286,0.4464,0.7232,0.3431,S4,Decrecimiento,Media
2017-01,M07,TIC y economía digital,-4.7338,5.47,7.5,-18.909333333333333,,2941.3994,-10.0543,5.47,2.01086,0.0,0.01,0.4554,0.4732,0.75,0.3581,S4,Decrecimiento,Media
2017-02,M07,TIC y economía digital,0.6248,5.18,7.4821,-7.936633333333333,,2879.5668,-14.1698,5.18,2.8339600000000003,0.4375,0.18,0.5536,0.4821,0.8125,0.4782,S3,Estabilidad,Moderada
2017-03,M07,TIC y economía digital,2.2295,4.69,7.2097,2.373533333333333,,2942.2861,-5.9609,4.69,1.19218,0.6339,0.56,0.6429,0.5,0.6964,0.5834,S3,Estabilidad,Moderada
2017-04,M07,TIC y economía digital,-1.6919,4.66,7.0,7.449866666666666,,2877.8217,-3.9999,4.66,0.79998,0.1518,0.73,0.6518,0.5089,0.6607,0.5442,S3,Estabilidad,Moderada
2017-05,M07,TIC y economía digital,1.8341,4.37,6.5,6.1942,,2923.6129,-2.3349,4.37,0.46698000000000006,0.5893,0.68,0.7054,0.5357,0.6071,0.6212,S2,Crecimiento,Moderada
2017-06,M07,TIC y economía digital,-0.3534,3.99,6.25,6.019233333333332,,2957.0983,-1.1949,3.99,0.23898000000000003,0.2946,0.67,0.75,0.5536,0.5714,0.599,S3,Estabilidad,Moderada
2017-07,M07,TIC y economía digital,-2.9236,3.4,5.7661,8.336566666666664,,3036.5839,2.5527,3.4,-0.5105400000000001,0.0357,0.77,0.8571,0.5893,0.4464,0.6178,S2,Crecimiento,Moderada
2017-08,M07,TIC y economía digital,-4.0888,3.87,5.5,6.354666666666667,,2973.2048,0.6922,3.87,-0.13844,0.0089,0.71,0.7679,0.6161,0.4732,0.588,S3,Estabilidad,Moderada
2017-09,M07,TIC y economía digital,-1.3797,3.97,5.25,3.734733333333333,,2917.085,-0.2455,3.97,0.049100000000000005,0.2054,0.62,0.7589,0.625,0.5179,0.6056,S2,Crecimiento,Moderada
2017-10,M07,TIC y economía digital,-2.544,4.05,5.2339,0.5724666666666667,,2953.7558,0.8318,4.05,-0.16636,0.0893,0.49,0.7411,0.6339,0.4643,0.5674,S3,Estabilidad,Moderada
2017-11,M07,TIC y economía digital,1.3644,4.12,4.9667,0.2104666666666665,,3013.4667,-3.112,4.12,0.6224000000000001,0.5536,0.46,0.7232,0.6607,0.625,0.6388,S2,Crecimiento,Moderada
2017-12,M07,TIC y economía digital,9.9139,4.09,4.75,-4.4757,,2991.7619,-0.6014,4.09,0.12028000000000001,0.9018,0.33,0.7321,0.6786,0.5446,0.6741,S2,Crecimiento,Moderada
2018-01,M07,TIC y economía digital,-0.6918,3.68,4.7339,-4.6385,,2868.5723,-2.4759,3.68,0.49518000000000006,0.25,0.32,0.8393,0.6875,0.6161,0.6265,S2,Crecimiento,Moderada
2018-02,M07,TIC y economía digital,2.3459,3.37,4.5,-4.232833333333333,,2860.2529,-0.6707,3.37,0.13414,0.6429,0.35,0.8661,0.7857,0.5536,0.7238,S2,Crecimiento,Moderada
2018-03,M07,TIC y economía digital,0.7401,3.14,4.5,-4.3378,,2847.9306,-3.2069,3.14,0.6413800000000001,0.4464,0.34,0.9643,0.7857,0.6339,0.7324,S2,Crecimiento,Moderada
2018-04,M07,TIC y economía digital,4.0021,3.13,4.4917,-8.298266666666665,,2766.285,-3.8757,3.13,0.77514,0.8214,0.14,0.9732,0.7946,0.6429,0.7639,S2,Crecimiento,Moderada
2018-05,M07,TIC y economía digital,0.3104,3.16,4.25,-10.274033333333334,,2861.8258,-2.1134,3.16,0.42268,0.4107,0.12,0.9464,0.9732,0.5893,0.7569,S2,Crecimiento,Moderada
2018-06,M07,TIC y economía digital,3.4762,3.2,4.25,-8.031233333333333,,2889.689,-2.2796,3.2,0.45592,0.7679,0.16,0.9286,0.9732,0.5982,0.8052,S1,Aceleración,Baja
2018-07,M07,TIC y economía digital,5.5053,3.12,4.25,-7.657,,2885.3219,-4.9813,3.12,0.99626,0.8571,0.21,0.9821,0.9732,0.6786,0.8457,S1,Aceleración,Baja
2018-08,M07,TIC y economía digital,9.0281,3.1,4.25,-7.3465,,2958.6668,-0.489,3.1,0.0978,0.8929,0.23,0.9911,0.9732,0.5357,0.8484,S1,Aceleración,Baja
2018-09,M07,TIC y economía digital,6.5573,3.23,4.25,-2.3194,,3033.768,4.0,3.23,-0.8,0.875,0.41,0.9107,0.9732,0.4196,0.8366,S1,Aceleración,Baja
2018-10,M07,TIC y economía digital,8.1032,3.33,4.25,0.1720000000000001,,3084.831,4.4376,3.33,-0.88752,0.8839,0.45,0.875,0.9732,0.4107,0.8308,S1,Aceleración,Baja
2018-11,M07,TIC y economía digital,2.5944,3.27,4.25,1.2503333333333335,,3194.0343,5.992,3.27,-1.1984000000000001,0.6696,0.52,0.8929,0.9732,0.3661,0.8142,S1,Aceleración,Baja
2018-12,M07,TIC y economía digital,0.8827,3.18,4.25,6.296400000000001,,3218.551,7.5805,3.18,-1.5161,0.4911,0.69,0.9375,0.9732,0.3214,0.8243,S1,Aceleración,Baja
2019-01,M07,TIC y economía digital,4.8068,3.15,4.25,2.719166666666668,,3165.1881,10.3402,3.15,-2.06804,0.8482,0.6,0.9554,0.9732,0.25,0.8631,S1,Aceleración,Baja
2019-02,M07,TIC y economía digital,1.5014,3.01,4.25,1.3994333333333344,,3115.8386,8.9358,3.01,-1.78716,0.5625,0.53,1.0,0.9732,0.2857,0.8318,S1,Aceleración,Baja
2019-03,M07,TIC y economía digital,2.7666,3.21,4.25,-5.880166666666667,,3128.6842,9.8582,3.21,-1.97164,0.7054,0.28,0.9196,0.9732,0.2679,0.7915,S2,Crecimiento,Moderada
2019-04,M07,TIC y economía digital,1.8296,3.25,4.25,6.337,,3155.765,14.0795,3.25,-2.8159,0.5804,0.7,0.9018,0.9732,0.1518,0.8168,S1,Aceleración,Baja
2019-05,M07,TIC y economía digital,3.3811,3.31,4.25,10.4218,,3304.4945,15.4681,3.31,-3.09362,0.7589,0.82,0.8839,0.9732,0.125,0.8492,S1,Aceleración,Baja
2019-06,M07,TIC y economía digital,2.5402,3.43,4.25,12.333266666666669,,3260.517,12.8328,3.43,-2.5665600000000004,0.6607,0.88,0.8482,0.9732,0.1786,0.8349,S1,Aceleración,Baja
2019-07,M07,TIC y economía digital,-0.0246,3.79,4.25,-2.817733333333333,,3206.6003,11.1349,3.79,-2.22698,0.3482,0.38,0.8214,0.9732,0.2143,0.7208,S2,Crecimiento,Moderada
2019-08,M07,TIC y economía digital,-2.2795,3.75,4.25,-2.2718666666666665,,3410.729,15.2793,3.75,-3.05586,0.1071,0.42,0.8304,0.9732,0.1339,0.6919,S2,Crecimiento,Moderada
2019-09,M07,TIC y economía digital,-1.5357,3.82,4.25,-7.083233333333333,,3399.457,12.054,3.82,-2.4108,0.1696,0.24,0.8036,0.9732,0.1875,0.6712,S2,Crecimiento,Moderada
2019-10,M07,TIC y economía digital,-0.1021,3.86,4.25,-5.4684333333333335,,3433.3116,11.2966,3.86,-2.25932,0.3125,0.31,0.7768,0.9732,0.2054,0.6918,S2,Crecimiento,Moderada
2019-11,M07,TIC y economía digital,2.0874,3.84,4.25,-11.049433333333331,,3401.473,6.4946,3.84,-1.29892,0.6071,0.09,0.7857,0.9732,0.3482,0.7139,S2,Crecimiento,Moderada
2019-12,M07,TIC y economía digital,-3.3043,3.8,4.25,-15.8192,,3378.0506,4.9556,3.8,-0.99112,0.0179,0.03,0.8125,0.9732,0.3929,0.6374,S2,Crecimiento,Moderada
2020-01,M07,TIC y economía digital,0.2289,3.62,4.25,-3.746633333333333,,3311.1894,4.6127,3.62,-0.9225400000000001,0.3839,0.37,0.8393,0.9732,0.4018,0.7404,S2,Crecimiento,Moderada
2020-02,M07,TIC y economía digital,1.186,3.72,4.25,-2.689733333333333,,3411.0528,9.4746,3.72,-1.8949200000000002,0.5268,0.4,0.8304,0.9732,0.2768,0.754,S2,Crecimiento,Moderada
2020-03,M07,TIC y economía digital,-2.0389,3.86,4.2177,3.2262666666666675,,3877.0484,23.9195,3.86,-4.7839,0.125,0.61,0.7768,0.9732,0.0446,0.6965,S2,Crecimiento,Moderada
2020-04,M07,TIC y economía digital,-3.4939,3.51,3.75,-13.323066666666668,,3977.3933,26.0358,3.51,-5.20716,0.0179,0.08,0.8393,0.9911,0.0268,0.6392,S2,Crecimiento,Moderada
2020-05,M07,TIC y economía digital,-6.5218,2.85,3.2984,-19.1561,,3858.1916,16.7559,2.85,-3.3511800000000003,0.0,0.01,1.0,0.9911,0.1161,0.6853,S2,Crecimiento,Moderada
2020-06,M07,TIC y economía digital,-7.2866,2.19,2.75,-22.26013333333333,,3701.6043,13.5281,2.19,-2.70562,0.0,0.0,1.0,1.0,0.1696,0.69,S2,Crecimiento,Moderada
2020-07,M07,TIC y economía digital,0.1912,1.97,2.5,-12.643499999999998,,3657.8668,14.0731,1.97,-2.81462,0.3839,0.08,1.0,1.0,0.1607,0.752,S2,Crecimiento,Moderada
2020-08,M07,TIC y economía digital,-1.9953,1.88,2.2661,-11.652599999999998,,3783.0258,10.9155,1.88,-2.1831,0.125,0.08,1.0,1.0,0.2321,0.7207,S2,Crecimiento,Moderada
2020-09,M07,TIC y economía digital,-3.844,1.97,1.975,-11.869033333333332,,3750.2153,10.3181,1.97,-2.06362,0.0179,0.08,1.0,1.0,0.2589,0.7076,S2,Crecimiento,Moderada
2020-10,M07,TIC y economía digital,-6.4452,1.75,1.75,-11.052366666666664,,3833.7884,11.6644,1.75,-2.3328800000000003,0.0,0.09,1.0,1.0,0.1964,0.7031,S2,Crecimiento,Moderada
2020-11,M07,TIC y economía digital,-2.7378,1.49,1.75,3.127800000000002,,3685.6267,8.3538,1.49,-1.67076,0.0625,0.61,1.0,1.0,0.3125,0.7852,S2,Crecimiento,Moderada
2020-12,M07,TIC y economía digital,-0.2392,1.61,1.75,11.135600000000002,,3466.1271,2.6073,1.61,-0.52146,0.3125,0.85,1.0,1.0,0.4464,0.8574,S1,Aceleración,Baja
2021-01,M07,TIC y economía digital,0.7299,1.6,1.75,16.772433333333336,,3491.3216,5.4401,1.6,-1.08802,0.4464,0.93,1.0,1.0,0.375,0.8821,S1,Aceleración,Baja
2021-02,M07,TIC y economía digital,3.4452,1.56,1.75,16.941266666666667,,3554.5043,4.2055,1.56,-0.8411,0.7679,0.93,1.0,1.0,0.4196,0.9282,S1,Aceleración,Baja
2021-03,M07,TIC y economía digital,6.94,1.51,1.75,20.857166666666668,,3612.7684,-6.8165,1.51,1.3633,0.8839,1.0,1.0,1.0,0.7143,0.9688,S1,Aceleración,Baja
2021-04,M07,TIC y economía digital,9.4689,1.95,1.75,21.0645,,3650.776,-8.2118,1.95,1.64236,0.9018,1.0,1.0,1.0,0.7321,0.9722,S1,Aceleración,Baja
2021-05,M07,TIC y economía digital,12.2022,3.3,1.75,22.098166666666668,,3735.6661,-3.1757,3.3,0.63514,0.9286,1.0,0.8839,1.0,0.6339,0.9325,S1,Aceleración,Baja
2021-06,M07,TIC y economía digital,14.609,3.63,1.75,23.038966666666667,,3685.0427,-0.4474,3.63,0.08948,0.9464,1.0,0.8393,1.0,0.5357,0.9149,S1,Aceleración,Baja
2021-07,M07,TIC y economía digital,10.1861,3.97,1.75,27.4515,,3829.4181,4.6899,3.97,-0.93798,0.9286,1.0,0.7589,1.0,0.4018,0.8789,S1,Aceleración,Baja
2021-08,M07,TIC y economía digital,13.893,4.44,1.75,29.555745607572977,,3881.1835,2.5947,4.44,-0.5189400000000001,0.9464,1.0,0.6786,1.0,0.4464,0.8574,S1,Aceleración,Baja
2021-09,M07,TIC y economía digital,18.6982,4.51,1.75,29.47993333333333,,3821.5377,1.9018,4.51,-0.38036000000000003,0.9732,1.0,0.6696,1.0,0.4554,0.8585,S1,Aceleración,Baja
2021-10,M07,TIC y economía digital,21.8999,4.58,2.0,29.555745607572977,,3773.3842,-1.5756,4.58,0.31512,0.9911,1.0,0.6607,1.0,0.5804,0.8648,S1,Aceleración,Baja
2021-11,M07,TIC y economía digital,22.4442,5.26,2.4833,28.818900000000003,,3902.901,5.8952,5.26,-1.17904,1.0,1.0,0.5089,1.0,0.375,0.8051,S1,Aceleración,Baja
2021-12,M07,TIC y economía digital,19.098,5.62,2.6935,29.08986666666667,,3963.1335,14.339,5.62,-2.8678000000000003,0.9732,1.0,0.4286,1.0,0.1518,0.7631,S2,Crecimiento,Moderada
2022-01,M07,TIC y economía digital,22.2506,6.94,3.0323,17.71966666666667,,3999.6161,14.5588,6.94,-2.91176,0.9911,0.95,0.3482,1.0,0.1429,0.7321,S2,Crecimiento,Moderada
2022-02,M07,TIC y economía digital,19.7094,8.01,4.0,10.444400000000003,,3935.8357,10.7281,8.01,-2.14562,0.9821,0.83,0.25,0.9911,0.2321,0.6848,S2,Crecimiento,Moderada
2022-03,M07,TIC y economía digital,19.2583,8.53,4.0,1.732966666666669,,3807.171,5.381,8.53,-1.0762,0.9732,0.54,0.2143,0.9911,0.375,0.642,S2,Crecimiento,Moderada
2022-04,M07,TIC y economía digital,16.7629,9.23,5.0,9.368133333333336,,3792.982,3.8952,9.23,-0.7790400000000001,0.9554,0.8,0.1786,0.6518,0.4286,0.5448,S3,Estabilidad,Moderada
2022-05,M07,TIC y economía digital,16.9662,9.07,5.9677,8.571333333333335,,4019.0794,7.5867,9.07,-1.5173400000000001,0.9643,0.79,0.1875,0.5804,0.3125,0.5162,S3,Estabilidad,Moderada
2022-06,M07,TIC y economía digital,15.1755,9.67,6.0,19.524766666666668,,3930.7667,6.6681,9.67,-1.33362,0.9464,0.99,0.1607,0.5714,0.3393,0.5292,S3,Estabilidad,Moderada
2022-07,M07,TIC y economía digital,13.5273,10.21,7.5,11.112333333333334,,4367.8058,14.0593,10.21,-2.8118600000000002,0.9375,0.84,0.1429,0.4732,0.1607,0.4584,S3,Estabilidad,Moderada
2022-08,M07,TIC y economía digital,12.865,10.84,9.0,11.894200000000003,,4322.4694,11.3699,10.84,-2.27398,0.9286,0.85,0.125,0.4018,0.1964,0.4294,S3,Estabilidad,Moderada
2022-09,M07,TIC y economía digital,10.0824,11.44,9.0333,2.631033333333336,,4433.651,16.0175,11.44,-3.2035,0.9196,0.59,0.0982,0.3929,0.1161,0.3782,S4,Decrecimiento,Media
2022-10,M07,TIC y economía digital,2.7531,12.22,10.0323,0.4213666666666687,,4711.8303,24.8701,12.22,-4.97402,0.6964,0.48,0.0714,0.25,0.0357,0.2702,S4,Decrecimiento,Media
2022-11,M07,TIC y economía digital,1.0112,12.53,11.0,-3.843299999999998,,4926.6607,26.2307,12.53,-5.2461400000000005,0.5,0.36,0.0536,0.1964,0.0179,0.2023,S4,Decrecimiento,Media
2022-12,M07,TIC y economía digital,2.1412,13.12,11.4194,-2.570499999999998,,4788.4906,20.8259,13.12,-4.16518,0.6161,0.4,0.0357,0.1696,0.0714,0.2108,S4,Decrecimiento,Media
2023-01,M07,TIC y economía digital,2.9863,13.25,12.0484,4.341133333333335,,4715.2039,17.8914,13.25,-3.5782800000000003,0.7232,0.64,0.0268,0.1429,0.0982,0.2455,S4,Decrecimiento,Media
2023-02,M07,TIC y economía digital,2.1435,13.28,12.75,1.9752666666666687,,4803.1125,22.0354,13.28,-4.40708,0.625,0.55,0.0179,0.1161,0.0536,0.2057,S4,Decrecimiento,Media
2023-03,M07,TIC y economía digital,1.7599,13.34,12.7581,4.182166666666668,,4766.3058,25.1928,13.34,-5.03856,0.5714,0.63,0.0089,0.0982,0.0268,0.1981,S5,Contracción,Alta
2023-04,M07,TIC y economía digital,1.2892,12.82,13.0,0.9762000000000018,,4542.6743,19.7652,12.82,-3.95304,0.5446,0.51,0.0446,0.0893,0.0804,0.1904,S5,Contracción,Alta
2023-05,M07,TIC y economía digital,0.2724,12.36,13.2419,12.138400000000004,,4540.089,12.9634,12.36,-2.59268,0.3929,0.87,0.0625,0.0625,0.1696,0.2177,S4,Decrecimiento,Media
2023-06,M07,TIC y economía digital,0.8614,12.13,13.25,0.6347333333333355,,4209.268,7.0852,12.13,-1.41704,0.4732,0.5,0.0804,0.0536,0.3304,0.1921,S5,Contracción,Alta
2023-07,M07,TIC y economía digital,-2.6201,11.78,13.25,3.3074666666666688,,4069.2335,-6.8358,11.78,1.3671600000000002,0.0804,0.61,0.0893,0.0536,0.7143,0.1766,S5,Contracción,Alta
2023-08,M07,TIC y economía digital,-0.4328,11.43,13.25,0.3215000000000027,,4070.7252,-5.8241,11.43,1.16482,0.2857,0.47,0.1071,0.0536,0.6875,0.1908,S5,Contracción,Alta
2023-09,M07,TIC y economía digital,-1.0382,10.99,13.25,18.19616666666667,,4004.5207,-9.6789,10.99,1.9357800000000003,0.2143,0.96,0.1161,0.0536,0.7411,0.2504,S4,Decrecimiento,Media
2023-10,M07,TIC y economía digital,9.9648,10.48,13.25,18.54716666666667,,4222.4332,-10.3866,10.48,2.07732,0.9107,0.98,0.1339,0.0536,0.7679,0.3547,S4,Decrecimiento,Media
2023-11,M07,TIC y economía digital,3.6761,10.15,13.25,18.288,,4038.8047,-18.0215,10.15,3.6043000000000003,0.7857,0.97,0.1518,0.0536,0.9732,0.3534,S4,Decrecimiento,Media
2023-12,M07,TIC y economía digital,0.0943,9.28,13.1532,2.425266666666669,,3948.2068,-17.548,9.28,3.5096,0.3661,0.58,0.1696,0.0714,0.9643,0.2576,S4,Decrecimiento,Media
2024-01,M07,TIC y economía digital,-1.4964,8.35,13.0,-6.574966666666664,,3915.1987,-16.9665,8.35,3.3933,0.1786,0.26,0.2232,0.0893,0.9554,0.2142,S4,Decrecimiento,Media
2024-02,M07,TIC y economía digital,-2.8096,7.74,12.75,-7.805099999999996,,3931.4386,-18.1481,7.74,3.62962,0.0536,0.2,0.2768,0.1161,0.9821,0.2179,S4,Decrecimiento,Media
2024-03,M07,TIC y economía digital,-2.7053,7.36,12.6532,-6.9916666666666645,,3899.3413,-18.1894,7.36,3.63788,0.0625,0.25,0.3036,0.125,0.9911,0.238,S4,Decrecimiento,Media
2024-04,M07,TIC y economía digital,-0.8167,7.16,12.25,-2.774266666666664,,3867.9753,-14.8525,7.16,2.9705,0.2321,0.39,0.3393,0.1339,0.8304,0.2854,S4,Decrecimiento,Media
2024-05,M07,TIC y economía digital,0.2692,7.16,11.7661,-7.812099999999998,,3869.1006,-14.7792,7.16,2.9558400000000002,0.3839,0.19,0.3393,0.1518,0.8214,0.2859,S4,Decrecimiento,Media
2024-06,M07,TIC y economía digital,-2.2496,7.18,11.75,8.21926666666667,,4042.797,-3.9549,7.18,0.79098,0.1161,0.76,0.3214,0.1607,0.6518,0.3115,S4,Decrecimiento,Media
2024-07,M07,TIC y economía digital,2.6543,6.86,11.2661,14.907733333333336,,4036.9219,-0.794,6.86,0.15880000000000002,0.6875,0.89,0.3571,0.1786,0.5625,0.4191,S3,Estabilidad,Moderada
2024-08,M07,TIC y economía digital,1.2051,6.12,10.75,16.660200000000003,,4065.5465,-0.1272,6.12,0.025440000000000004,0.5268,0.92,0.3929,0.2143,0.5089,0.4226,S3,Estabilidad,Moderada
2024-09,M07,TIC y economía digital,1.2055,5.81,10.75,-1.5212999999999963,,4182.5123,4.4448,5.81,-0.88896,0.5357,0.43,0.4196,0.2143,0.4018,0.3634,S4,Decrecimiento,Media
2024-10,M07,TIC y economía digital,-3.241,5.41,10.25,-10.827366666666665,,4249.47,0.6403,5.41,-0.12806,0.0268,0.11,0.4643,0.2321,0.4821,0.2781,S4,Decrecimiento,Media
2024-11,M07,TIC y economía digital,-0.0251,5.2,9.75,-7.5129999999999955,,4408.6523,9.1574,5.2,-1.8314800000000002,0.3393,0.22,0.5357,0.2589,0.2768,0.3566,S4,Decrecimiento,Media
2024-12,M07,TIC y economía digital,5.9029,5.2,9.6774,7.639266666666669,,4385.1487,11.0668,5.2,-2.21336,0.8661,0.75,0.5357,0.2679,0.2232,0.497,S3,Estabilidad,Moderada
2025-01,M07,TIC y economía digital,0.7837,5.22,9.5,11.987500000000002,,4307.5674,10.0217,5.22,-2.00434,0.4554,0.86,0.5179,0.3036,0.2589,0.4642,S3,Estabilidad,Moderada
2025-02,M07,TIC y economía digital,3.8299,5.28,9.5,5.7110333333333365,,4127.9539,4.9986,5.28,-0.9997199999999999,0.7946,0.66,0.5089,0.3036,0.3839,0.4881,S3,Estabilidad,Moderada
2025-03,M07,TIC y economía digital,-0.748,5.09,9.5,5.100733333333335,,4137.6845,6.1124,5.09,-1.22248,0.2411,0.65,0.5982,0.3036,0.3571,0.4396,S3,Estabilidad,Moderada
2025-04,M07,TIC y economía digital,2.5188,5.16,9.5,9.490200000000002,,4280.258,10.6589,5.16,-2.13178,0.6518,0.81,0.5625,0.3036,0.2411,0.4981,S3,Estabilidad,Moderada
2025-05,M07,TIC y economía digital,0.8816,5.05,9.2581,16.20426666666667,,4203.3771,8.6396,5.05,-1.7279200000000001,0.4821,0.91,0.6071,0.3125,0.2946,0.5086,S3,Estabilidad,Moderada
2025-06,M07,TIC y economía digital,4.4387,4.82,9.25,0.1078333333333366,,4113.485,1.7485,4.82,-0.3497,0.8304,0.44,0.625,0.3839,0.4554,0.5348,S3,Estabilidad,Moderada
2025-07,M07,TIC y economía digital,2.6137,4.9,9.25,-11.006999999999998,,4040.8484,0.0973,4.9,-0.01946,0.6786,0.1,0.6161,0.3839,0.4911,0.4691,S3,Estabilidad,Moderada
2025-08,M07,TIC y economía digital,-0.073,5.1,9.25,-15.410099999999996,,4047.4116,-0.4461,5.1,0.08922000000000001,0.3214,0.05,0.5804,0.3839,0.5268,0.4044,S3,Estabilidad,Moderada
2025-09,M07,TIC y economía digital,1.8533,5.18,9.25,-2.882999999999998,,3922.212,-6.2235,5.18,1.2447,0.5982,0.37,0.5536,0.3839,0.7054,0.4842,S3,Estabilidad,Moderada
2025-10,M07,TIC y economía digital,-1.0312,5.51,9.25,7.451700000000002,,3877.8448,-8.7452,5.51,1.7490400000000002,0.2232,0.74,0.4464,0.3839,0.7321,0.4475,S3,Estabilidad,Moderada
2025-11,M07,TIC y economía digital,-0.6712,5.3,9.25,8.484033333333336,,3786.1833,-14.1193,5.3,2.8238600000000003,0.2589,0.78,0.4911,0.3839,0.8036,0.476,S3,Estabilidad,Moderada
2025-12,M07,TIC y economía digital,-1.8231,5.1,9.25,2.404866666666669,,3791.4719,-13.5384,5.1,2.70768,0.1339,0.57,0.5804,0.3839,0.7857,0.4602,S3,Estabilidad,Moderada
2026-01,M07,TIC y economía digital,1.0708,5.35,9.25,6.574266666666669,,3702.999,-14.035,5.35,2.8070000000000004,0.5089,0.72,0.4821,0.3839,0.7946,0.4988,S3,Estabilidad,Moderada
2026-02,M07,TIC y economía digital,-0.0709,5.29,10.2143,15.535866666666667,,3675.6414,-10.9573,5.29,2.19146,0.3304,0.9,0.5,0.2411,0.7768,0.4524,S3,Estabilidad,Moderada
2026-03,M07,TIC y economía digital,3.2408,5.56,10.25,17.1566,,3717.5574,-10.1537,5.56,2.03074,0.7411,0.93,0.4375,0.2321,0.7589,0.4874,S3,Estabilidad,Moderada
2026-04,M07,TIC y economía digital,3.2408,5.09,11.25,17.1566,,3617.5187,-15.4836,5.09,3.09672,0.7411,0.93,0.5982,0.1875,0.8393,0.5287,S3,Estabilidad,Moderada
2015-01,M08,Financiero y seguros,18.9542,3.82,4.5,,,2397.2581,-15.4836,3.82,6.19344,0.9821,,0.8036,0.7857,0.8393,0.8264,S1,Aceleración,Baja
2015-02,M08,Financiero y seguros,8.3444,4.36,4.5,,,2420.6725,-15.4836,4.36,6.19344,0.8036,,0.7143,0.7857,0.8393,0.7649,S2,Crecimiento,Moderada
2015-03,M08,Financiero y seguros,6.801,4.56,4.5,,,2585.3623,-15.4836,4.56,6.19344,0.6607,,0.6696,0.7857,0.8393,0.7257,S2,Crecimiento,Moderada
2015-04,M08,Financiero y seguros,8.958,4.64,4.5,,,2505.248,-15.4836,4.64,6.19344,0.8393,,0.6607,0.7857,0.8393,0.7502,S2,Crecimiento,Moderada
2015-05,M08,Financiero y seguros,9.0395,4.41,4.5,,,2437.5352,-15.4836,4.41,6.19344,0.8571,,0.6964,0.7857,0.8393,0.7665,S2,Crecimiento,Moderada
2015-06,M08,Financiero y seguros,7.9693,4.42,4.5,,,2562.4777,-15.4836,4.42,6.19344,0.7679,,0.6875,0.7857,0.8393,0.7492,S2,Crecimiento,Moderada
2015-07,M08,Financiero y seguros,18.9091,4.46,4.5,,,2732.0358,-15.4836,4.46,6.19344,0.9732,,0.6786,0.7857,0.8393,0.7779,S2,Crecimiento,Moderada
2015-08,M08,Financiero y seguros,3.6829,4.74,4.5,,,3012.5874,-15.4836,4.74,6.19344,0.375,,0.6339,0.7857,0.8393,0.6677,S2,Crecimiento,Moderada
2015-09,M08,Financiero y seguros,2.9236,5.35,4.525,,,3066.408,-15.4836,5.35,6.19344,0.2857,,0.4821,0.6964,0.8393,0.5604,S3,Estabilidad,Moderada
2015-10,M08,Financiero y seguros,7.8955,5.89,4.75,,,2929.4723,-15.4836,5.89,6.19344,0.7589,,0.4107,0.6786,0.8393,0.6,S2,Crecimiento,Moderada
2015-11,M08,Financiero y seguros,1.96,6.39,5.225,,,3001.3763,-15.4836,6.39,6.19344,0.2232,,0.3839,0.6429,0.8393,0.492,S3,Estabilidad,Moderada
2015-12,M08,Financiero y seguros,1.9269,6.77,5.5887,,,3244.2016,-15.4836,6.77,6.19344,0.1964,,0.3661,0.6071,0.8393,0.4666,S3,Estabilidad,Moderada
2016-01,M08,Financiero y seguros,-1.5637,7.45,5.75,13.5631,,3270.1952,36.414,7.45,-14.565600000000002,0.0536,0.73,0.2946,0.5982,0.0089,0.4099,S3,Estabilidad,Moderada
2016-02,M08,Financiero y seguros,6.2913,7.59,6.069,-0.8025,,3354.9569,38.5961,7.59,-15.43844,0.6429,0.34,0.2857,0.5625,0.0,0.4234,S3,Estabilidad,Moderada
2016-03,M08,Financiero y seguros,3.0121,7.98,6.3306,19.1271,,3128.789,21.0194,7.98,-8.407760000000001,0.3036,0.86,0.2589,0.5446,0.0625,0.433,S3,Estabilidad,Moderada
2016-04,M08,Financiero y seguros,-0.1223,7.93,6.5,12.7253,,2997.727,19.6579,7.93,-7.863160000000001,0.0804,0.71,0.2679,0.5357,0.0893,0.3845,S4,Decrecimiento,Media
2016-05,M08,Financiero y seguros,3.221,8.2,6.9919,0.2099,,2993.5084,22.8088,8.2,-9.123520000000001,0.3482,0.38,0.2321,0.5179,0.0446,0.3577,S4,Decrecimiento,Media
2016-06,M08,Financiero y seguros,1.319,8.6,7.3167,-0.3916,,2992.8587,16.7955,8.6,-6.7182,0.1339,0.37,0.2054,0.4911,0.1071,0.3125,S4,Decrecimiento,Media
2016-07,M08,Financiero y seguros,-1.4739,8.97,7.5,-9.1988,,2960.9997,8.3807,8.97,-3.35228,0.0625,0.19,0.1964,0.4732,0.3036,0.2808,S4,Decrecimiento,Media
2016-08,M08,Financiero y seguros,3.035,8.1,7.75,6.3938,,2952.7668,-1.9857,8.1,0.7942800000000001,0.3125,0.56,0.2411,0.4375,0.5804,0.3796,S4,Decrecimiento,Media
2016-09,M08,Financiero y seguros,5.3547,7.27,7.75,-3.8893,,2924.2653,-4.6355,7.27,1.8542000000000003,0.5625,0.29,0.3125,0.4375,0.6696,0.4068,S3,Estabilidad,Moderada
2016-10,M08,Financiero y seguros,5.2766,6.48,7.75,13.5334,,2929.3887,-0.0029,6.48,0.00116,0.5446,0.72,0.375,0.4375,0.5,0.4715,S3,Estabilidad,Moderada
2016-11,M08,Financiero y seguros,3.7942,5.96,7.75,23.1841,,3110.2587,3.6277,5.96,-1.4510800000000001,0.4107,0.91,0.4018,0.4375,0.4375,0.4833,S3,Estabilidad,Moderada
2016-12,M08,Financiero y seguros,8.2216,5.75,7.6452,-13.95,,3009.8639,-7.2233,5.75,2.88932,0.7946,0.09,0.4286,0.4464,0.7232,0.4566,S3,Estabilidad,Moderada
2017-01,M08,Financiero y seguros,4.087,5.47,7.5,-10.0834,,2941.3994,-10.0543,5.47,4.02172,0.4375,0.17,0.4554,0.4732,0.75,0.4382,S3,Estabilidad,Moderada
2017-02,M08,Financiero y seguros,0.5492,5.18,7.4821,-16.5809,,2879.5668,-14.1698,5.18,5.6679200000000005,0.1071,0.05,0.5536,0.4821,0.8125,0.4165,S3,Estabilidad,Moderada
2017-03,M08,Financiero y seguros,3.1513,4.69,7.2097,-11.5111,,2942.2861,-5.9609,4.69,2.38436,0.3393,0.15,0.6429,0.5,0.6964,0.4904,S3,Estabilidad,Moderada
2017-04,M08,Financiero y seguros,8.0568,4.66,7.0,1.1237,,2877.8217,-3.9999,4.66,1.59996,0.7768,0.42,0.6518,0.5089,0.6607,0.5888,S3,Estabilidad,Moderada
2017-05,M08,Financiero y seguros,5.0398,4.37,6.5,-6.9063,,2923.6129,-2.3349,4.37,0.9339600000000001,0.5179,0.23,0.7054,0.5357,0.6071,0.5533,S3,Estabilidad,Moderada
2017-06,M08,Financiero y seguros,9.417,3.99,6.25,-0.7195,,2957.0983,-1.1949,3.99,0.47796000000000005,0.8929,0.36,0.75,0.5536,0.5714,0.64,S2,Crecimiento,Moderada
2017-07,M08,Financiero y seguros,0.5267,3.4,5.7661,14.8679,,3036.5839,2.5527,3.4,-1.0210800000000002,0.0982,0.79,0.8571,0.5893,0.4464,0.6289,S2,Crecimiento,Moderada
2017-08,M08,Financiero y seguros,5.9124,3.87,5.5,-16.9781,,2973.2048,0.6922,3.87,-0.27688,0.6071,0.04,0.7679,0.6161,0.4732,0.5824,S3,Estabilidad,Moderada
2017-09,M08,Financiero y seguros,6.2325,3.97,5.25,-6.4699,,2917.085,-0.2455,3.97,0.09820000000000001,0.6339,0.24,0.7589,0.625,0.5179,0.6145,S2,Crecimiento,Moderada
2017-10,M08,Financiero y seguros,6.4445,4.05,5.2339,-19.3397,,2953.7558,0.8318,4.05,-0.33272,0.6518,0.02,0.7411,0.6339,0.4643,0.5829,S3,Estabilidad,Moderada
2017-11,M08,Financiero y seguros,7.2717,4.12,4.9667,-4.4851,,3013.4667,-3.112,4.12,1.2448000000000001,0.7054,0.27,0.7232,0.6607,0.625,0.6348,S2,Crecimiento,Moderada
2017-12,M08,Financiero y seguros,8.1128,4.09,4.75,1.4155,,2991.7619,-0.6014,4.09,0.24056000000000002,0.7857,0.43,0.7321,0.6786,0.5446,0.6713,S2,Crecimiento,Moderada
2018-01,M08,Financiero y seguros,1.5553,3.68,4.7339,-14.1494,,2868.5723,-2.4759,3.68,0.9903600000000001,0.1429,0.07,0.8393,0.6875,0.6161,0.5796,S3,Estabilidad,Moderada
2018-02,M08,Financiero y seguros,5.5498,3.37,4.5,10.2704,,2860.2529,-0.6707,3.37,0.26828,0.5714,0.69,0.8661,0.7857,0.5536,0.7581,S2,Crecimiento,Moderada
2018-03,M08,Financiero y seguros,4.3496,3.14,4.5,4.2336,,2847.9306,-3.2069,3.14,1.2827600000000001,0.4554,0.49,0.9643,0.7857,0.6339,0.753,S2,Crecimiento,Moderada
2018-04,M08,Financiero y seguros,6.1053,3.13,4.4917,-8.4909,,2766.285,-3.8757,3.13,1.55028,0.6161,0.22,0.9732,0.7946,0.6429,0.7464,S2,Crecimiento,Moderada
2018-05,M08,Financiero y seguros,4.9699,3.16,4.25,14.1735,,2861.8258,-2.1134,3.16,0.84536,0.5089,0.76,0.9464,0.9732,0.5893,0.8531,S1,Aceleración,Baja
2018-06,M08,Financiero y seguros,2.1069,3.2,4.25,-25.8888,,2889.689,-2.2796,3.2,0.91184,0.25,0.0,0.9286,0.9732,0.5982,0.7142,S2,Crecimiento,Moderada
2018-07,M08,Financiero y seguros,4.5444,3.12,4.25,-9.8132,,2885.3219,-4.9813,3.12,1.99252,0.4643,0.18,0.9821,0.9732,0.6786,0.7885,S2,Crecimiento,Moderada
2018-08,M08,Financiero y seguros,6.1231,3.1,4.25,4.6592,,2958.6668,-0.489,3.1,0.1956,0.625,0.5,0.9911,0.9732,0.5357,0.847,S1,Aceleración,Baja
2018-09,M08,Financiero y seguros,1.8468,3.23,4.25,17.4993,,3033.768,4.0,3.23,-1.6,0.1696,0.83,0.9107,0.9732,0.4196,0.7952,S2,Crecimiento,Moderada
2018-10,M08,Financiero y seguros,1.9323,3.33,4.25,15.8193,,3084.831,4.4376,3.33,-1.77504,0.2054,0.8,0.875,0.9732,0.4107,0.784,S2,Crecimiento,Moderada
2018-11,M08,Financiero y seguros,3.8581,3.27,4.25,-20.0223,,3194.0343,5.992,3.27,-2.3968000000000003,0.4196,0.01,0.8929,0.9732,0.3661,0.7143,S2,Crecimiento,Moderada
2018-12,M08,Financiero y seguros,2.142,3.18,4.25,14.4845,,3218.551,7.5805,3.18,-3.0322,0.2589,0.77,0.9375,0.9732,0.3214,0.8031,S1,Aceleración,Baja
2019-01,M08,Financiero y seguros,3.3148,3.15,4.25,25.7163,,3165.1881,10.3402,3.15,-4.13608,0.3571,0.94,0.9554,0.9732,0.25,0.8405,S1,Aceleración,Baja
2019-02,M08,Financiero y seguros,7.4158,3.01,4.25,17.8316,,3115.8386,8.9358,3.01,-3.57432,0.7232,0.84,1.0,0.9732,0.2857,0.8938,S1,Aceleración,Baja
2019-03,M08,Financiero y seguros,9.3852,3.21,4.25,3.2724,,3128.6842,9.8582,3.21,-3.94328,0.8839,0.46,0.9196,0.9732,0.2679,0.839,S1,Aceleración,Baja
2019-04,M08,Financiero y seguros,3.7319,3.25,4.25,22.6566,,3155.765,14.0795,3.25,-5.6318,0.3929,0.9,0.9018,0.9732,0.1518,0.8173,S1,Aceleración,Baja
2019-05,M08,Financiero y seguros,7.535,3.31,4.25,-5.9655,,3304.4945,15.4681,3.31,-6.18724,0.7321,0.25,0.8839,0.9732,0.125,0.7718,S2,Crecimiento,Moderada
2019-06,M08,Financiero y seguros,3.9628,3.43,4.25,13.9021,,3260.517,12.8328,3.43,-5.133120000000001,0.4286,0.74,0.8482,0.9732,0.1786,0.7852,S2,Crecimiento,Moderada
2019-07,M08,Financiero y seguros,10.7233,3.79,4.25,9.5469,,3206.6003,11.1349,3.79,-4.45396,0.9107,0.68,0.8214,0.9732,0.2143,0.836,S1,Aceleración,Baja
2019-08,M08,Financiero y seguros,5.2273,3.75,4.25,-8.8298,,3410.729,15.2793,3.75,-6.11172,0.5357,0.2,0.8304,0.9732,0.1339,0.7216,S2,Crecimiento,Moderada
2019-09,M08,Financiero y seguros,8.7268,3.82,4.25,1.5594,,3399.457,12.054,3.82,-4.8216,0.8214,0.44,0.8036,0.9732,0.1875,0.7855,S2,Crecimiento,Moderada
2019-10,M08,Financiero y seguros,7.1107,3.86,4.25,2.8766,,3433.3116,11.2966,3.86,-4.51864,0.6786,0.45,0.7768,0.9732,0.2054,0.7596,S2,Crecimiento,Moderada
2019-11,M08,Financiero y seguros,7.7834,3.84,4.25,6.7885,,3401.473,6.4946,3.84,-2.59784,0.7411,0.57,0.7857,0.9732,0.3482,0.7942,S2,Crecimiento,Moderada
2019-12,M08,Financiero y seguros,0.5554,3.8,4.25,-0.7765,,3378.0506,4.9556,3.8,-1.98224,0.1161,0.35,0.8125,0.9732,0.3929,0.6922,S2,Crecimiento,Moderada
2020-01,M08,Financiero y seguros,9.9607,3.62,4.25,-6.5802,,3311.1894,4.6127,3.62,-1.8450800000000003,0.9018,0.24,0.8393,0.9732,0.4018,0.7938,S2,Crecimiento,Moderada
2020-02,M08,Financiero y seguros,4.549,3.72,4.25,-8.1755,,3411.0528,9.4746,3.72,-3.7898400000000003,0.4732,0.23,0.8304,0.9732,0.2768,0.7247,S2,Crecimiento,Moderada
2020-03,M08,Financiero y seguros,-6.9247,3.86,4.2177,-2.6482,,3877.0484,23.9195,3.86,-9.5678,0.0089,0.31,0.7768,0.9732,0.0446,0.6419,S2,Crecimiento,Moderada
2020-04,M08,Financiero y seguros,0.7472,3.51,3.75,-19.4158,,3977.3933,26.0358,3.51,-10.41432,0.125,0.02,0.8393,0.9911,0.0268,0.646,S2,Crecimiento,Moderada
2020-05,M08,Financiero y seguros,1.5642,2.85,3.2984,-5.0662,,3858.1916,16.7559,2.85,-6.7023600000000005,0.1518,0.27,1.0,0.9911,0.1161,0.7396,S2,Crecimiento,Moderada
2020-06,M08,Financiero y seguros,1.5794,2.19,2.75,17.1154,,3701.6043,13.5281,2.19,-5.41124,0.1518,0.83,1.0,1.0,0.1696,0.8181,S1,Aceleración,Baja
2020-07,M08,Financiero y seguros,2.0879,1.97,2.5,-29.1535,,3657.8668,14.0731,1.97,-5.62924,0.25,0.0,1.0,1.0,0.1607,0.7235,S2,Crecimiento,Moderada
2020-08,M08,Financiero y seguros,2.9336,1.88,2.2661,4.6406,,3783.0258,10.9155,1.88,-4.3662,0.2946,0.5,1.0,1.0,0.2321,0.7981,S2,Crecimiento,Moderada
2020-09,M08,Financiero y seguros,0.8647,1.97,1.975,-22.586,,3750.2153,10.3181,1.97,-4.12724,0.125,0.01,1.0,1.0,0.2589,0.7131,S2,Crecimiento,Moderada
2020-10,M08,Financiero y seguros,2.8527,1.75,1.75,-29.0578,,3833.7884,11.6644,1.75,-4.665760000000001,0.2857,0.0,1.0,1.0,0.1964,0.7303,S2,Crecimiento,Moderada
2020-11,M08,Financiero y seguros,-0.8187,1.49,1.75,-0.0081,,3685.6267,8.3538,1.49,-3.34152,0.0804,0.38,1.0,1.0,0.3125,0.7579,S2,Crecimiento,Moderada
2020-12,M08,Financiero y seguros,8.3607,1.61,1.75,-10.4006,,3466.1271,2.6073,1.61,-1.04292,0.8125,0.17,1.0,1.0,0.4464,0.8372,S1,Aceleración,Baja
2021-01,M08,Financiero y seguros,4.0449,1.6,1.75,31.9087,,3491.3216,5.4401,1.6,-2.17604,0.4375,0.98,1.0,1.0,0.375,0.8874,S1,Aceleración,Baja
2021-02,M08,Financiero y seguros,0.8775,1.56,1.75,10.9031,,3554.5043,4.2055,1.56,-1.6822,0.125,0.7,1.0,1.0,0.4196,0.8111,S1,Aceleración,Baja
2021-03,M08,Financiero y seguros,9.99,1.51,1.75,19.3055,,3612.7684,-6.8165,1.51,2.7266,0.9018,0.87,1.0,1.0,0.7143,0.9544,S1,Aceleración,Baja
2021-04,M08,Financiero y seguros,5.9314,1.95,1.75,36.0919,,3650.776,-8.2118,1.95,3.28472,0.6161,0.98,1.0,1.0,0.7321,0.9309,S1,Aceleración,Baja
2021-05,M08,Financiero y seguros,-0.6335,3.3,1.75,28.8796,,3735.6661,-3.1757,3.3,1.27028,0.0804,0.97,0.8839,1.0,0.6339,0.8135,S1,Aceleración,Baja
2021-06,M08,Financiero y seguros,4.7841,3.63,1.75,17.9229,,3685.0427,-0.4474,3.63,0.17896,0.4911,0.85,0.8393,1.0,0.5357,0.8337,S1,Aceleración,Baja
2021-07,M08,Financiero y seguros,1.284,3.97,1.75,53.19495842812962,,3829.4181,4.6899,3.97,-1.87596,0.1339,0.98,0.7589,1.0,0.4018,0.7685,S2,Crecimiento,Moderada
2021-08,M08,Financiero y seguros,-4.0384,4.44,1.75,21.0014,,3881.1835,2.5947,4.44,-1.0378800000000001,0.0268,0.89,0.6786,1.0,0.4464,0.7183,S2,Crecimiento,Moderada
2021-09,M08,Financiero y seguros,9.4987,4.51,1.75,53.19495842812962,,3821.5377,1.9018,4.51,-0.7607200000000001,0.9018,0.98,0.6696,1.0,0.4554,0.8463,S1,Aceleración,Baja
2021-10,M08,Financiero y seguros,3.5801,4.58,2.0,53.19495842812962,,3773.3842,-1.5756,4.58,0.63024,0.375,0.98,0.6607,1.0,0.5804,0.7786,S2,Crecimiento,Moderada
2021-11,M08,Financiero y seguros,7.4269,5.26,2.4833,16.6284,,3902.901,5.8952,5.26,-2.35808,0.7321,0.82,0.5089,1.0,0.375,0.7454,S2,Crecimiento,Moderada
2021-12,M08,Financiero y seguros,2.5429,5.62,2.6935,49.8554,,3963.1335,14.339,5.62,-5.735600000000001,0.2768,0.98,0.4286,1.0,0.1518,0.666,S2,Crecimiento,Moderada
2022-01,M08,Financiero y seguros,-29.6444,6.94,3.0323,13.9052,,3999.6161,14.5588,6.94,-5.82352,0.0,0.75,0.3482,1.0,0.1429,0.5717,S3,Estabilidad,Moderada
2022-02,M08,Financiero y seguros,8.9882,8.01,4.0,20.7445,,3935.8357,10.7281,8.01,-4.29124,0.8482,0.88,0.25,0.9911,0.2321,0.6731,S2,Crecimiento,Moderada
2022-03,M08,Financiero y seguros,11.862,8.53,4.0,9.2686,,3807.171,5.381,8.53,-2.1524,0.9375,0.66,0.2143,0.9911,0.375,0.6527,S2,Crecimiento,Moderada
2022-04,M08,Financiero y seguros,8.7043,9.23,5.0,6.8784,,3792.982,3.8952,9.23,-1.5580800000000001,0.8125,0.58,0.1786,0.6518,0.4286,0.4969,S3,Estabilidad,Moderada
2022-05,M08,Financiero y seguros,14.2032,9.07,5.9677,22.3509,,4019.0794,7.5867,9.07,-3.0346800000000003,0.9554,0.89,0.1875,0.5804,0.3125,0.528,S3,Estabilidad,Moderada
2022-06,M08,Financiero y seguros,11.0861,9.67,6.0,8.1893,,3930.7667,6.6681,9.67,-2.66724,0.9196,0.61,0.1607,0.5714,0.3393,0.4763,S3,Estabilidad,Moderada
2022-07,M08,Financiero y seguros,7.3155,10.21,7.5,26.5844,,4367.8058,14.0593,10.21,-5.6237200000000005,0.7143,0.95,0.1429,0.4732,0.1607,0.4424,S3,Estabilidad,Moderada
2022-08,M08,Financiero y seguros,15.8995,10.84,9.0,15.9052,,4322.4694,11.3699,10.84,-4.54796,0.9643,0.81,0.125,0.4018,0.1964,0.429,S3,Estabilidad,Moderada
2022-09,M08,Financiero y seguros,5.5789,11.44,9.0333,-1.4797,,4433.651,16.0175,11.44,-6.407,0.5804,0.32,0.0982,0.3929,0.1161,0.2972,S4,Decrecimiento,Media
2022-10,M08,Financiero y seguros,9.3654,12.22,10.0323,30.7443,,4711.8303,24.8701,12.22,-9.94804,0.875,0.97,0.0714,0.25,0.0357,0.3579,S4,Decrecimiento,Media
2022-11,M08,Financiero y seguros,6.832,12.53,11.0,18.8284,,4926.6607,26.2307,12.53,-10.492280000000001,0.6696,0.85,0.0536,0.1964,0.0179,0.2888,S4,Decrecimiento,Media
2022-12,M08,Financiero y seguros,10.5894,13.12,11.4194,7.6671,,4788.4906,20.8259,13.12,-8.33036,0.9018,0.6,0.0357,0.1696,0.0714,0.2754,S4,Decrecimiento,Media
2023-01,M08,Financiero y seguros,64.7097,13.25,12.0484,-15.2611,,4715.2039,17.8914,13.25,-7.156560000000001,0.9911,0.06,0.0268,0.1429,0.0982,0.2067,S4,Decrecimiento,Media
2023-02,M08,Financiero y seguros,8.9168,13.28,12.75,-1.5472,,4803.1125,22.0354,13.28,-8.81416,0.8304,0.31,0.0179,0.1161,0.0536,0.2025,S4,Decrecimiento,Media
2023-03,M08,Financiero y seguros,12.6181,13.34,12.7581,0.3747,,4766.3058,25.1928,13.34,-10.07712,0.9464,0.39,0.0089,0.0982,0.0268,0.2179,S4,Decrecimiento,Media
2023-04,M08,Financiero y seguros,5.6634,12.82,13.0,3.9856,,4542.6743,19.7652,12.82,-7.90608,0.5893,0.47,0.0446,0.0893,0.0804,0.1913,S5,Contracción,Alta
2023-05,M08,Financiero y seguros,3.7342,12.36,13.2419,5.4334,,4540.089,12.9634,12.36,-5.18536,0.4018,0.53,0.0625,0.0625,0.1696,0.1749,S5,Contracción,Alta
2023-06,M08,Financiero y seguros,4.5638,12.13,13.25,8.7336,,4209.268,7.0852,12.13,-2.83408,0.4732,0.63,0.0804,0.0536,0.3304,0.2089,S4,Decrecimiento,Media
2023-07,M08,Financiero y seguros,5.2944,11.78,13.25,5.5676,,4069.2335,-6.8358,11.78,2.7343200000000003,0.5536,0.55,0.0893,0.0536,0.7143,0.2331,S4,Decrecimiento,Media
2023-08,M08,Financiero y seguros,4.8776,11.43,13.25,9.1269,,4070.7252,-5.8241,11.43,2.32964,0.4911,0.65,0.1071,0.0536,0.6875,0.2419,S4,Decrecimiento,Media
2023-09,M08,Financiero y seguros,-2.4102,10.99,13.25,-13.8669,,4004.5207,-9.6789,10.99,3.8715600000000006,0.0446,0.1,0.1161,0.0536,0.7411,0.116,S5,Contracción,Alta
2023-10,M08,Financiero y seguros,3.3856,10.48,13.25,-11.8607,,4222.4332,-10.3866,10.48,4.15464,0.3661,0.13,0.1339,0.0536,0.7679,0.1708,S5,Contracción,Alta
2023-11,M08,Financiero y seguros,4.9198,10.15,13.25,23.9734,,4038.8047,-18.0215,10.15,7.208600000000001,0.5,0.92,0.1518,0.0536,0.9732,0.3082,S4,Decrecimiento,Media
2023-12,M08,Financiero y seguros,11.4742,9.28,13.1532,0.7206,,3948.2068,-17.548,9.28,7.0192,0.9286,0.4,0.1696,0.0714,0.9643,0.3106,S4,Decrecimiento,Media
2024-01,M08,Financiero y seguros,1.8872,8.35,13.0,11.1518,,3915.1987,-16.9665,8.35,6.7866,0.1875,0.7,0.2232,0.0893,0.9554,0.2724,S4,Decrecimiento,Media
2024-02,M08,Financiero y seguros,-1.0882,7.74,12.75,16.7223,,3931.4386,-18.1481,7.74,7.25924,0.0714,0.82,0.2768,0.1161,0.9821,0.3006,S4,Decrecimiento,Media
2024-03,M08,Financiero y seguros,-6.4279,7.36,12.6532,9.3,,3899.3413,-18.1894,7.36,7.27576,0.0089,0.67,0.3036,0.125,0.9911,0.2851,S4,Decrecimiento,Media
2024-04,M08,Financiero y seguros,3.0414,7.16,12.25,19.4656,,3867.9753,-14.8525,7.16,5.941,0.3214,0.87,0.3393,0.1339,0.8304,0.3596,S4,Decrecimiento,Media
2024-05,M08,Financiero y seguros,1.084,7.16,11.7661,-11.705,,3869.1006,-14.7792,7.16,5.9116800000000005,0.125,0.14,0.3393,0.1518,0.8214,0.2443,S4,Decrecimiento,Media
2024-06,M08,Financiero y seguros,2.0355,7.18,11.75,4.8732,,4042.797,-3.9549,7.18,1.58196,0.2411,0.51,0.3214,0.1607,0.6518,0.2961,S4,Decrecimiento,Media
2024-07,M08,Financiero y seguros,3.0509,6.86,11.2661,-5.8047,,4036.9219,-0.794,6.86,0.31760000000000005,0.3304,0.26,0.3571,0.1786,0.5625,0.289,S4,Decrecimiento,Media
2024-08,M08,Financiero y seguros,3.7197,6.12,10.75,-13.6274,,4065.5465,-0.1272,6.12,0.05088000000000001,0.3839,0.11,0.3929,0.2143,0.5089,0.2983,S4,Decrecimiento,Media
2024-09,M08,Financiero y seguros,7.867,5.81,10.75,-13.1937,,4182.5123,4.4448,5.81,-1.77792,0.75,0.12,0.4196,0.2143,0.4018,0.3523,S4,Decrecimiento,Media
2024-10,M08,Financiero y seguros,2.7008,5.41,10.25,-1.0418,,4249.47,0.6403,5.41,-0.25612,0.2768,0.33,0.4643,0.2321,0.4821,0.3406,S4,Decrecimiento,Media
2024-11,M08,Financiero y seguros,1.9707,5.2,9.75,-14.0113,,4408.6523,9.1574,5.2,-3.6629600000000004,0.2321,0.08,0.5357,0.2589,0.2768,0.3239,S4,Decrecimiento,Media
2024-12,M08,Financiero y seguros,-5.4566,5.2,9.6774,4.1386,,4385.1487,11.0668,5.2,-4.42672,0.0179,0.48,0.5357,0.2679,0.2232,0.347,S4,Decrecimiento,Media
2025-01,M08,Financiero y seguros,1.841,5.22,9.5,14.5403,,4307.5674,10.0217,5.22,-4.00868,0.1607,0.78,0.5179,0.3036,0.2589,0.4138,S3,Estabilidad,Moderada
2025-02,M08,Financiero y seguros,4.1014,5.28,9.5,-4.4375,,4127.9539,4.9986,5.28,-1.9994399999999999,0.4464,0.28,0.5089,0.3036,0.3839,0.3916,S4,Decrecimiento,Media
2025-03,M08,Financiero y seguros,5.1393,5.09,9.5,-18.2041,,4137.6845,6.1124,5.09,-2.44496,0.5268,0.03,0.5982,0.3036,0.3571,0.3981,S4,Decrecimiento,Media
2025-04,M08,Financiero y seguros,2.2025,5.16,9.5,-11.416,,4280.258,10.6589,5.16,-4.26356,0.2679,0.16,0.5625,0.3036,0.2411,0.3618,S4,Decrecimiento,Media
2025-05,M08,Financiero y seguros,9.108,5.05,9.2581,4.9258,,4203.3771,8.6396,5.05,-3.4558400000000002,0.8661,0.52,0.6071,0.3125,0.2946,0.5102,S3,Estabilidad,Moderada
2025-06,M08,Financiero y seguros,-2.7503,4.82,9.25,-3.1785,,4113.485,1.7485,4.82,-0.6994,0.0357,0.3,0.625,0.3839,0.4554,0.4088,S3,Estabilidad,Moderada
2025-07,M08,Financiero y seguros,5.7797,4.9,9.25,8.3325,,4040.8484,0.0973,4.9,-0.03892,0.5982,0.62,0.6161,0.3839,0.4911,0.5256,S3,Estabilidad,Moderada
2025-08,M08,Financiero y seguros,1.6524,5.1,9.25,27.2075,,4047.4116,-0.4461,5.1,0.17844000000000002,0.1518,0.96,0.5804,0.3839,0.5268,0.4992,S3,Estabilidad,Moderada
2025-09,M08,Financiero y seguros,4.7251,5.18,9.25,24.9461,,3922.212,-6.2235,5.18,2.4894,0.4821,0.93,0.5536,0.3839,0.7054,0.541,S3,Estabilidad,Moderada
2025-10,M08,Financiero y seguros,2.9458,5.51,9.25,9.0866,,3877.8448,-8.7452,5.51,3.4980800000000003,0.2946,0.64,0.4464,0.3839,0.7321,0.4442,S3,Estabilidad,Moderada
2025-11,M08,Financiero y seguros,1.9556,5.3,9.25,7.4971,,3786.1833,-14.1193,5.3,5.6477200000000005,0.2143,0.59,0.4911,0.3839,0.8036,0.4454,S3,Estabilidad,Moderada
2025-12,M08,Financiero y seguros,-3.1775,5.1,9.25,-8.8189,,3791.4719,-13.5384,5.1,5.41536,0.0268,0.21,0.5804,0.3839,0.7857,0.3991,S4,Decrecimiento,Media
2026-01,M08,Financiero y seguros,-0.0528,5.35,9.25,0.9316,,3702.999,-14.035,5.35,5.614000000000001,0.0893,0.41,0.4821,0.3839,0.7946,0.4017,S3,Estabilidad,Moderada
2026-02,M08,Financiero y seguros,1.85,5.29,10.2143,5.5402,,3675.6414,-10.9573,5.29,4.38292,0.1786,0.54,0.5,0.2411,0.7768,0.3852,S4,Decrecimiento,Media
2026-03,M08,Financiero y seguros,7.1394,5.56,10.25,53.19495842812962,,3717.5574,-10.1537,5.56,4.06148,0.6875,0.98,0.4375,0.2321,0.7589,0.4866,S3,Estabilidad,Moderada
2026-04,M08,Financiero y seguros,7.1394,5.09,11.25,53.19495842812962,,3617.5187,-15.4836,5.09,6.19344,0.6875,0.98,0.5982,0.1875,0.8393,0.5279,S3,Estabilidad,Moderada
2015-01,M09,Inmobiliario,3.0129,3.82,4.5,,,2397.2581,-15.4836,3.82,3.09672,0.5625,,0.8036,0.7857,0.8393,0.761,S2,Crecimiento,Moderada
2015-02,M09,Inmobiliario,2.9947,4.36,4.5,,,2420.6725,-15.4836,4.36,3.09672,0.5536,,0.7143,0.7857,0.8393,0.7259,S2,Crecimiento,Moderada
2015-03,M09,Inmobiliario,3.0226,4.56,4.5,,,2585.3623,-15.4836,4.56,3.09672,0.5714,,0.6696,0.7857,0.8393,0.7118,S2,Crecimiento,Moderada
2015-04,M09,Inmobiliario,3.0522,4.64,4.5,,,2505.248,-15.4836,4.64,3.09672,0.5804,,0.6607,0.7857,0.8393,0.7099,S2,Crecimiento,Moderada
2015-05,M09,Inmobiliario,3.0834,4.41,4.5,,,2437.5352,-15.4836,4.41,3.09672,0.6071,,0.6964,0.7857,0.8393,0.7275,S2,Crecimiento,Moderada
2015-06,M09,Inmobiliario,3.0806,4.42,4.5,,,2562.4777,-15.4836,4.42,3.09672,0.5982,,0.6875,0.7857,0.8393,0.7228,S2,Crecimiento,Moderada
2015-07,M09,Inmobiliario,3.0643,4.46,4.5,,,2732.0358,-15.4836,4.46,3.09672,0.5893,,0.6786,0.7857,0.8393,0.718,S2,Crecimiento,Moderada
2015-08,M09,Inmobiliario,3.0922,4.74,4.5,,,3012.5874,-15.4836,4.74,3.09672,0.6161,,0.6339,0.7857,0.8393,0.7053,S2,Crecimiento,Moderada
2015-09,M09,Inmobiliario,3.2219,5.35,4.525,,,3066.408,-15.4836,5.35,3.09672,0.6875,,0.4821,0.6964,0.8393,0.623,S2,Crecimiento,Moderada
2015-10,M09,Inmobiliario,3.3975,5.89,4.75,,,2929.4723,-15.4836,5.89,3.09672,0.75,,0.4107,0.6786,0.8393,0.5986,S3,Estabilidad,Moderada
2015-11,M09,Inmobiliario,3.6166,6.39,5.225,,,3001.3763,-15.4836,6.39,3.09672,0.8036,,0.3839,0.6429,0.8393,0.5824,S3,Estabilidad,Moderada
2015-12,M09,Inmobiliario,3.6661,6.77,5.5887,,,3244.2016,-15.4836,6.77,3.09672,0.8304,,0.3661,0.6071,0.8393,0.5654,S3,Estabilidad,Moderada
2016-01,M09,Inmobiliario,3.4203,7.45,5.75,15.8085,,3270.1952,36.414,7.45,-7.282800000000001,0.7679,0.61,0.2946,0.5982,0.0089,0.4913,S3,Estabilidad,Moderada
2016-02,M09,Inmobiliario,3.4025,7.59,6.069,-8.8,,3354.9569,38.5961,7.59,-7.71922,0.7589,0.15,0.2857,0.5625,0.0,0.4145,S3,Estabilidad,Moderada
2016-03,M09,Inmobiliario,3.4929,7.98,6.3306,-8.2811,,3128.789,21.0194,7.98,-4.203880000000001,0.7946,0.18,0.2589,0.5446,0.0625,0.4115,S3,Estabilidad,Moderada
2016-04,M09,Inmobiliario,3.691,7.93,6.5,19.6251,,2997.727,19.6579,7.93,-3.9315800000000003,0.8482,0.71,0.2679,0.5357,0.0893,0.4887,S3,Estabilidad,Moderada
2016-05,M09,Inmobiliario,3.8244,8.2,6.9919,-8.2544,,2993.5084,22.8088,8.2,-4.5617600000000005,0.875,0.19,0.2321,0.5179,0.0446,0.4046,S3,Estabilidad,Moderada
2016-06,M09,Inmobiliario,3.8627,8.6,7.3167,-8.4345,,2992.8587,16.7955,8.6,-3.3591,0.8839,0.17,0.2054,0.4911,0.1071,0.3883,S4,Decrecimiento,Media
2016-07,M09,Inmobiliario,3.7794,8.97,7.5,-4.9532,,2960.9997,8.3807,8.97,-1.67614,0.8661,0.22,0.1964,0.4732,0.3036,0.3937,S4,Decrecimiento,Media
2016-08,M09,Inmobiliario,3.6548,8.1,7.75,-3.5672,,2952.7668,-1.9857,8.1,0.39714000000000005,0.8214,0.25,0.2411,0.4375,0.5804,0.4085,S3,Estabilidad,Moderada
2016-09,M09,Inmobiliario,3.3884,7.27,7.75,35.7902,,2924.2653,-4.6355,7.27,0.9271000000000001,0.7411,0.9,0.3125,0.4375,0.6696,0.5101,S3,Estabilidad,Moderada
2016-10,M09,Inmobiliario,3.4219,6.48,7.75,18.614,,2929.3887,-0.0029,6.48,0.00058,0.7768,0.7,0.375,0.4375,0.5,0.5004,S3,Estabilidad,Moderada
2016-11,M09,Inmobiliario,3.2947,5.96,7.75,-17.6082,,3110.2587,3.6277,5.96,-0.7255400000000001,0.7321,0.06,0.4018,0.4375,0.4375,0.4169,S3,Estabilidad,Moderada
2016-12,M09,Inmobiliario,3.1254,5.75,7.6452,-11.4516,,3009.8639,-7.2233,5.75,1.44466,0.6339,0.1,0.4286,0.4464,0.7232,0.4361,S3,Estabilidad,Moderada
2017-01,M09,Inmobiliario,3.2577,5.47,7.5,21.424,,2941.3994,-10.0543,5.47,2.01086,0.7054,0.74,0.4554,0.4732,0.75,0.5483,S3,Estabilidad,Moderada
2017-02,M09,Inmobiliario,3.29,5.18,7.4821,30.046,,2879.5668,-14.1698,5.18,2.8339600000000003,0.7232,0.83,0.5536,0.4821,0.8125,0.6012,S2,Crecimiento,Moderada
2017-03,M09,Inmobiliario,3.1789,4.69,7.2097,8.5138,,2942.2861,-5.9609,4.69,1.19218,0.6518,0.49,0.6429,0.5,0.6964,0.5768,S3,Estabilidad,Moderada
2017-04,M09,Inmobiliario,2.9366,4.66,7.0,-1.7207,,2877.8217,-3.9999,4.66,0.79998,0.5446,0.28,0.6518,0.5089,0.6607,0.5392,S3,Estabilidad,Moderada
2017-05,M09,Inmobiliario,2.8389,4.37,6.5,-13.0588,,2923.6129,-2.3349,4.37,0.46698000000000006,0.5268,0.08,0.7054,0.5357,0.6071,0.535,S3,Estabilidad,Moderada
2017-06,M09,Inmobiliario,2.7579,3.99,6.25,-1.4931,,2957.0983,-1.1949,3.99,0.23898000000000003,0.5179,0.29,0.75,0.5536,0.5714,0.5801,S3,Estabilidad,Moderada
2017-07,M09,Inmobiliario,2.7322,3.4,5.7661,16.9812,,3036.5839,2.5527,3.4,-0.5105400000000001,0.5,0.65,0.8571,0.5893,0.4464,0.6653,S2,Crecimiento,Moderada
2017-08,M09,Inmobiliario,2.9063,3.87,5.5,20.9769,,2973.2048,0.6922,3.87,-0.13844,0.5357,0.73,0.7679,0.6161,0.4732,0.6621,S2,Crecimiento,Moderada
2017-09,M09,Inmobiliario,3.1043,3.97,5.25,-10.0763,,2917.085,-0.2455,3.97,0.049100000000000005,0.625,0.12,0.7589,0.625,0.5179,0.5978,S3,Estabilidad,Moderada
2017-10,M09,Inmobiliario,3.1975,4.05,5.2339,6.3789,,2953.7558,0.8318,4.05,-0.16636,0.6696,0.43,0.7411,0.6339,0.4643,0.6384,S2,Crecimiento,Moderada
2017-11,M09,Inmobiliario,3.1545,4.12,4.9667,17.016,,3013.4667,-3.112,4.12,0.6224000000000001,0.6429,0.66,0.7232,0.6607,0.625,0.6768,S2,Crecimiento,Moderada
2017-12,M09,Inmobiliario,3.2673,4.09,4.75,-1.1791,,2991.7619,-0.6014,4.09,0.12028000000000001,0.7143,0.3,0.7321,0.6786,0.5446,0.6448,S2,Crecimiento,Moderada
2018-01,M09,Inmobiliario,3.1881,3.68,4.7339,-23.0327,,2868.5723,-2.4759,3.68,0.49518000000000006,0.6607,0.02,0.8393,0.6875,0.6161,0.6434,S2,Crecimiento,Moderada
2018-02,M09,Inmobiliario,3.2372,3.37,4.5,-14.5193,,2860.2529,-0.6707,3.37,0.13414,0.6964,0.07,0.8661,0.7857,0.5536,0.6948,S2,Crecimiento,Moderada
2018-03,M09,Inmobiliario,3.4455,3.14,4.5,22.8201,,2847.9306,-3.2069,3.14,0.6413800000000001,0.7857,0.75,0.9643,0.7857,0.6339,0.8315,S1,Aceleración,Baja
2018-04,M09,Inmobiliario,3.6863,3.13,4.4917,3.0883,,2766.285,-3.8757,3.13,0.77514,0.8393,0.38,0.9732,0.7946,0.6429,0.7974,S2,Crecimiento,Moderada
2018-05,M09,Inmobiliario,3.8849,3.16,4.25,25.9011,,2861.8258,-2.1134,3.16,0.42268,0.8929,0.79,0.9464,0.9732,0.5893,0.9091,S1,Aceleración,Baja
2018-06,M09,Inmobiliario,4.2584,3.2,4.25,31.8271,,2889.689,-2.2796,3.2,0.45592,0.9375,0.85,0.9286,0.9732,0.5982,0.9175,S1,Aceleración,Baja
2018-07,M09,Inmobiliario,4.3489,3.12,4.25,4.349,,2885.3219,-4.9813,3.12,0.99626,0.9643,0.4,0.9821,0.9732,0.6786,0.8848,S1,Aceleración,Baja
2018-08,M09,Inmobiliario,4.3954,3.1,4.25,-5.7927,,2958.6668,-0.489,3.1,0.0978,0.9732,0.2,0.9911,0.9732,0.5357,0.8554,S1,Aceleración,Baja
2018-09,M09,Inmobiliario,4.4875,3.23,4.25,12.4655,,3033.768,4.0,3.23,-0.8,0.9911,0.54,0.9107,0.9732,0.4196,0.8692,S1,Aceleración,Baja
2018-10,M09,Inmobiliario,4.2664,3.33,4.25,0.0071,,3084.831,4.4376,3.33,-0.88752,0.9464,0.33,0.875,0.9732,0.4107,0.8237,S1,Aceleración,Baja
2018-11,M09,Inmobiliario,4.1966,3.27,4.25,-1.1765,,3194.0343,5.992,3.27,-1.1984000000000001,0.9196,0.31,0.8929,0.9732,0.3661,0.821,S1,Aceleración,Baja
2018-12,M09,Inmobiliario,4.1502,3.18,4.25,33.7925,,3218.551,7.5805,3.18,-1.5161,0.9107,0.88,0.9375,0.9732,0.3214,0.9058,S1,Aceleración,Baja
2019-01,M09,Inmobiliario,4.419,3.15,4.25,7.5949,,3165.1881,10.3402,3.15,-2.06804,0.9821,0.47,0.9554,0.9732,0.25,0.8644,S1,Aceleración,Baja
2019-02,M09,Inmobiliario,4.3322,3.01,4.25,-4.2075,,3115.8386,8.9358,3.01,-1.78716,0.9554,0.24,1.0,0.9732,0.2857,0.8476,S1,Aceleración,Baja
2019-03,M09,Inmobiliario,4.212,3.21,4.25,2.2866,,3128.6842,9.8582,3.21,-1.97164,0.9286,0.37,0.9196,0.9732,0.2679,0.8334,S1,Aceleración,Baja
2019-04,M09,Inmobiliario,3.9586,3.25,4.25,-20.551,,3155.765,14.0795,3.25,-2.8159,0.9018,0.04,0.9018,0.9732,0.1518,0.7749,S2,Crecimiento,Moderada
2019-05,M09,Inmobiliario,3.697,3.31,4.25,7.0126,,3304.4945,15.4681,3.31,-3.09362,0.8571,0.44,0.8839,0.9732,0.125,0.8134,S1,Aceleración,Baja
2019-06,M09,Inmobiliario,3.6309,3.43,4.25,-24.6747,,3260.517,12.8328,3.43,-2.5665600000000004,0.8125,0.01,0.8482,0.9732,0.1786,0.7428,S2,Crecimiento,Moderada
2019-07,M09,Inmobiliario,3.201,3.79,4.25,17.2045,,3206.6003,11.1349,3.79,-2.22698,0.6786,0.67,0.8214,0.9732,0.2143,0.8032,S1,Aceleración,Baja
2019-08,M09,Inmobiliario,2.7402,3.75,4.25,-4.5734,,3410.729,15.2793,3.75,-3.05586,0.5089,0.23,0.8304,0.9732,0.1339,0.7218,S2,Crecimiento,Moderada
2019-09,M09,Inmobiliario,2.4525,3.82,4.25,5.7961,,3399.457,12.054,3.82,-2.4108,0.4911,0.41,0.8036,0.9732,0.1875,0.7368,S2,Crecimiento,Moderada
2019-10,M09,Inmobiliario,2.1156,3.86,4.25,-5.3422,,3433.3116,11.2966,3.86,-2.25932,0.3214,0.21,0.7768,0.9732,0.2054,0.6801,S2,Crecimiento,Moderada
2019-11,M09,Inmobiliario,2.1059,3.84,4.25,6.3028,,3401.473,6.4946,3.84,-1.29892,0.3036,0.42,0.7857,0.9732,0.3482,0.7155,S2,Crecimiento,Moderada
2019-12,M09,Inmobiliario,2.2346,3.8,4.25,-26.1624,,3378.0506,4.9556,3.8,-0.99112,0.4196,0.0,0.8125,0.9732,0.3929,0.688,S2,Crecimiento,Moderada
2020-01,M09,Inmobiliario,2.1962,3.62,4.25,7.0212,,3311.1894,4.6127,3.62,-0.9225400000000001,0.3929,0.45,0.8393,0.9732,0.4018,0.7519,S2,Crecimiento,Moderada
2020-02,M09,Inmobiliario,2.0027,3.72,4.25,12.4144,,3411.0528,9.4746,3.72,-1.8949200000000002,0.1875,0.54,0.8304,0.9732,0.2768,0.7261,S2,Crecimiento,Moderada
2020-03,M09,Inmobiliario,1.6392,3.86,4.2177,-22.3394,,3877.0484,23.9195,3.86,-4.7839,0.0089,0.03,0.7768,0.9732,0.0446,0.6057,S2,Crecimiento,Moderada
2020-04,M09,Inmobiliario,0.607,3.51,3.75,-27.8699,,3977.3933,26.0358,3.51,-5.20716,0.0,0.0,0.8393,0.9911,0.0268,0.6264,S2,Crecimiento,Moderada
2020-05,M09,Inmobiliario,0.541,2.85,3.2984,-39.3878,,3858.1916,16.7559,2.85,-3.3511800000000003,0.0,0.0,1.0,0.9911,0.1161,0.684,S2,Crecimiento,Moderada
2020-06,M09,Inmobiliario,0.7662,2.19,2.75,-21.4487,,3701.6043,13.5281,2.19,-2.70562,0.0,0.04,1.0,1.0,0.1696,0.6952,S2,Crecimiento,Moderada
2020-07,M09,Inmobiliario,0.9301,1.97,2.5,-35.4359,,3657.8668,14.0731,1.97,-2.81462,0.0,0.0,1.0,1.0,0.1607,0.6896,S2,Crecimiento,Moderada
2020-08,M09,Inmobiliario,1.4333,1.88,2.2661,-8.1218,,3783.0258,10.9155,1.88,-2.1831,0.0,0.2,1.0,1.0,0.2321,0.7193,S2,Crecimiento,Moderada
2020-09,M09,Inmobiliario,1.6659,1.97,1.975,-12.4511,,3750.2153,10.3181,1.97,-2.06362,0.0179,0.09,1.0,1.0,0.2589,0.7089,S2,Crecimiento,Moderada
2020-10,M09,Inmobiliario,1.9827,1.75,1.75,-6.1509,,3833.7884,11.6644,1.75,-2.3328800000000003,0.1518,0.2,1.0,1.0,0.1964,0.738,S2,Crecimiento,Moderada
2020-11,M09,Inmobiliario,1.8762,1.49,1.75,-13.7549,,3685.6267,8.3538,1.49,-1.67076,0.125,0.08,1.0,1.0,0.3125,0.7251,S2,Crecimiento,Moderada
2020-12,M09,Inmobiliario,1.6855,1.61,1.75,0.3394,,3466.1271,2.6073,1.61,-0.52146,0.0268,0.34,1.0,1.0,0.4464,0.7526,S2,Crecimiento,Moderada
2021-01,M09,Inmobiliario,1.7825,1.6,1.75,-47.206085809208574,,3491.3216,5.4401,1.6,-1.08802,0.0714,0.0,1.0,1.0,0.375,0.7108,S2,Crecimiento,Moderada
2021-02,M09,Inmobiliario,1.7916,1.56,1.75,-39.9099,,3554.5043,4.2055,1.56,-0.8411,0.0714,0.0,1.0,1.0,0.4196,0.7132,S2,Crecimiento,Moderada
2021-03,M09,Inmobiliario,2.1221,1.51,1.75,-30.2691,,3612.7684,-6.8165,1.51,1.3633,0.3304,0.0,1.0,1.0,0.7143,0.7642,S2,Crecimiento,Moderada
2021-04,M09,Inmobiliario,3.46,1.95,1.75,-7.3539,,3650.776,-8.2118,1.95,1.64236,0.7946,0.2,1.0,1.0,0.7321,0.8541,S1,Aceleración,Baja
2021-05,M09,Inmobiliario,3.3107,3.3,1.75,24.9699,,3735.6661,-3.1757,3.3,0.63514,0.7411,0.79,0.8839,1.0,0.6339,0.8798,S1,Aceleración,Baja
2021-06,M09,Inmobiliario,2.726,3.63,1.75,-6.8286,,3685.0427,-0.4474,3.63,0.08948,0.5,0.2,0.8393,1.0,0.5357,0.7508,S2,Crecimiento,Moderada
2021-07,M09,Inmobiliario,2.8051,3.97,1.75,2.79,,3829.4181,4.6899,3.97,-0.93798,0.5268,0.38,0.7589,1.0,0.4018,0.7441,S2,Crecimiento,Moderada
2021-08,M09,Inmobiliario,2.548,4.44,1.75,-22.056,,3881.1835,2.5947,4.44,-0.5189400000000001,0.5,0.03,0.6786,1.0,0.4464,0.6712,S2,Crecimiento,Moderada
2021-09,M09,Inmobiliario,2.3304,4.51,1.75,-36.9063,,3821.5377,1.9018,4.51,-0.38036000000000003,0.4732,0.0,0.6696,1.0,0.4554,0.6612,S2,Crecimiento,Moderada
2021-10,M09,Inmobiliario,2.1617,4.58,2.0,-42.1089,,3773.3842,-1.5756,4.58,0.31512,0.3482,0.0,0.6607,1.0,0.5804,0.648,S2,Crecimiento,Moderada
2021-11,M09,Inmobiliario,2.449,5.26,2.4833,-14.5175,,3902.901,5.8952,5.26,-1.17904,0.4911,0.08,0.5089,1.0,0.375,0.6169,S2,Crecimiento,Moderada
2021-12,M09,Inmobiliario,2.4882,5.62,2.6935,-23.0183,,3963.1335,14.339,5.62,-2.8678000000000003,0.5,0.03,0.4286,1.0,0.1518,0.5732,S3,Estabilidad,Moderada
2022-01,M09,Inmobiliario,2.1907,6.94,3.0323,34.9183,,3999.6161,14.5588,6.94,-2.91176,0.3661,0.89,0.3482,1.0,0.1429,0.6396,S2,Crecimiento,Moderada
2022-02,M09,Inmobiliario,2.34,8.01,4.0,18.4628,,3935.8357,10.7281,8.01,-2.14562,0.4732,0.69,0.25,0.9911,0.2321,0.5976,S3,Estabilidad,Moderada
2022-03,M09,Inmobiliario,2.2575,8.53,4.0,16.455,,3807.171,5.381,8.53,-1.0762,0.4375,0.62,0.2143,0.9911,0.375,0.5797,S3,Estabilidad,Moderada
2022-04,M09,Inmobiliario,2.0597,9.23,5.0,54.4571,,3792.982,3.8952,9.23,-0.7790400000000001,0.2857,0.97,0.1786,0.6518,0.4286,0.4759,S3,Estabilidad,Moderada
2022-05,M09,Inmobiliario,1.9925,9.07,5.9677,15.5099,,4019.0794,7.5867,9.07,-1.5173400000000001,0.1696,0.59,0.1875,0.5804,0.3125,0.3825,S4,Decrecimiento,Media
2022-06,M09,Inmobiliario,2.0135,9.67,6.0,4.1131,,3930.7667,6.6681,9.67,-1.33362,0.2143,0.39,0.1607,0.5714,0.3393,0.3521,S4,Decrecimiento,Media
2022-07,M09,Inmobiliario,2.2512,10.21,7.5,16.9016,,4367.8058,14.0593,10.21,-2.8118600000000002,0.4286,0.64,0.1429,0.4732,0.1607,0.3635,S4,Decrecimiento,Media
2022-08,M09,Inmobiliario,2.0067,10.84,9.0,28.7939,,4322.4694,11.3699,10.84,-2.27398,0.1875,0.81,0.125,0.4018,0.1964,0.3236,S4,Decrecimiento,Media
2022-09,M09,Inmobiliario,2.0325,11.44,9.0333,50.5075,,4433.651,16.0175,11.44,-3.2035,0.2411,0.96,0.0982,0.3929,0.1161,0.3341,S4,Decrecimiento,Media
2022-10,M09,Inmobiliario,2.0534,12.22,10.0323,41.1527,,4711.8303,24.8701,12.22,-4.97402,0.2589,0.93,0.0714,0.25,0.0357,0.2691,S4,Decrecimiento,Media
2022-11,M09,Inmobiliario,1.6365,12.53,11.0,23.2633,,4926.6607,26.2307,12.53,-5.2461400000000005,0.0,0.76,0.0536,0.1964,0.0179,0.1862,S5,Contracción,Alta
2022-12,M09,Inmobiliario,1.7146,13.12,11.4194,48.301,,4788.4906,20.8259,13.12,-4.16518,0.0268,0.95,0.0357,0.1696,0.0714,0.202,S4,Decrecimiento,Media
2023-01,M09,Inmobiliario,1.7676,13.25,12.0484,33.6182,,4715.2039,17.8914,13.25,-3.5782800000000003,0.0536,0.87,0.0268,0.1429,0.0982,0.1844,S5,Contracción,Alta
2023-02,M09,Inmobiliario,1.7736,13.28,12.75,39.5201,,4803.1125,22.0354,13.28,-4.40708,0.0625,0.92,0.0179,0.1161,0.0536,0.1773,S5,Contracción,Alta
2023-03,M09,Inmobiliario,1.7429,13.34,12.7581,43.2972,,4766.3058,25.1928,13.34,-5.03856,0.0357,0.94,0.0089,0.0982,0.0268,0.1656,S5,Contracción,Alta
2023-04,M09,Inmobiliario,1.6711,12.82,13.0,8.6856,,4542.6743,19.7652,12.82,-3.95304,0.0179,0.5,0.0446,0.0893,0.0804,0.1176,S5,Contracción,Alta
2023-05,M09,Inmobiliario,1.8073,12.36,13.2419,8.1589,,4540.089,12.9634,12.36,-2.59268,0.0893,0.48,0.0625,0.0625,0.1696,0.126,S5,Contracción,Alta
2023-06,M09,Inmobiliario,1.76,12.13,13.25,32.7365,,4209.268,7.0852,12.13,-1.41704,0.0446,0.86,0.0804,0.0536,0.3304,0.1805,S5,Contracción,Alta
2023-07,M09,Inmobiliario,1.6622,11.78,13.25,24.0612,,4069.2335,-6.8358,11.78,1.3671600000000002,0.0089,0.78,0.0893,0.0536,0.7143,0.1889,S5,Contracción,Alta
2023-08,M09,Inmobiliario,1.8263,11.43,13.25,63.645,,4070.7252,-5.8241,11.43,1.16482,0.0982,0.99,0.1071,0.0536,0.6875,0.2326,S4,Decrecimiento,Media
2023-09,M09,Inmobiliario,1.9081,10.99,13.25,17.647,,4004.5207,-9.6789,10.99,1.9357800000000003,0.125,0.68,0.1161,0.0536,0.7411,0.202,S4,Decrecimiento,Media
2023-10,M09,Inmobiliario,2.0119,10.48,13.25,36.7873,,4222.4332,-10.3866,10.48,2.07732,0.2054,0.91,0.1339,0.0536,0.7679,0.25,S4,Decrecimiento,Media
2023-11,M09,Inmobiliario,2.1592,10.15,13.25,9.3673,,4038.8047,-18.0215,10.15,3.6043000000000003,0.3393,0.52,0.1518,0.0536,0.9732,0.2346,S4,Decrecimiento,Media
2023-12,M09,Inmobiliario,2.1096,9.28,13.1532,-8.9672,,3948.2068,-17.548,9.28,3.5096,0.3125,0.14,0.1696,0.0714,0.9643,0.1934,S5,Contracción,Alta
2024-01,M09,Inmobiliario,2.0584,8.35,13.0,15.6469,,3915.1987,-16.9665,8.35,3.3933,0.2768,0.6,0.2232,0.0893,0.9554,0.2715,S4,Decrecimiento,Media
2024-02,M09,Inmobiliario,2.0809,7.74,12.75,29.547,,3931.4386,-18.1481,7.74,3.62962,0.2946,0.82,0.2768,0.1161,0.9821,0.3309,S4,Decrecimiento,Media
2024-03,M09,Inmobiliario,2.1547,7.36,12.6532,8.7474,,3899.3413,-18.1894,7.36,3.63788,0.3304,0.51,0.3036,0.125,0.9911,0.308,S4,Decrecimiento,Media
2024-04,M09,Inmobiliario,2.2343,7.16,12.25,-2.9692,,3867.9753,-14.8525,7.16,2.9705,0.4107,0.26,0.3393,0.1339,0.8304,0.2928,S4,Decrecimiento,Media
2024-05,M09,Inmobiliario,2.3242,7.16,11.7661,19.7043,,3869.1006,-14.7792,7.16,2.9558400000000002,0.4643,0.72,0.3393,0.1518,0.8214,0.3654,S4,Decrecimiento,Media
2024-06,M09,Inmobiliario,2.3426,7.18,11.75,28.6228,,4042.797,-3.9549,7.18,0.79098,0.4821,0.8,0.3214,0.1607,0.6518,0.3663,S4,Decrecimiento,Media
2024-07,M09,Inmobiliario,2.2591,6.86,11.2661,15.2474,,4036.9219,-0.794,6.86,0.15880000000000002,0.4464,0.58,0.3571,0.1786,0.5625,0.3462,S4,Decrecimiento,Media
2024-08,M09,Inmobiliario,2.2846,6.12,10.75,-18.3309,,4065.5465,-0.1272,6.12,0.025440000000000004,0.4554,0.05,0.3929,0.2143,0.5089,0.3003,S4,Decrecimiento,Media
2024-09,M09,Inmobiliario,2.2202,5.81,10.75,-9.9083,,4182.5123,4.4448,5.81,-0.88896,0.4018,0.13,0.4196,0.2143,0.4018,0.3063,S4,Decrecimiento,Media
2024-10,M09,Inmobiliario,2.1935,5.41,10.25,-2.2204,,4249.47,0.6403,5.41,-0.12806,0.375,0.27,0.4643,0.2321,0.4821,0.3461,S4,Decrecimiento,Media
2024-11,M09,Inmobiliario,2.1754,5.2,9.75,7.1986,,4408.6523,9.1574,5.2,-1.8314800000000002,0.3482,0.45,0.5357,0.2589,0.2768,0.3876,S4,Decrecimiento,Media
2024-12,M09,Inmobiliario,2.1804,5.2,9.6774,59.1989,,4385.1487,11.0668,5.2,-2.21336,0.3571,0.98,0.5357,0.2679,0.2232,0.4577,S3,Estabilidad,Moderada
2025-01,M09,Inmobiliario,2.2171,5.22,9.5,30.6705,,4307.5674,10.0217,5.22,-2.00434,0.3929,0.84,0.5179,0.3036,0.2589,0.4531,S3,Estabilidad,Moderada
2025-02,M09,Inmobiliario,2.1941,5.28,9.5,-21.6373,,4127.9539,4.9986,5.28,-0.9997199999999999,0.3839,0.03,0.5089,0.3036,0.3839,0.3508,S4,Decrecimiento,Media
2025-03,M09,Inmobiliario,2.0575,5.09,9.5,15.166,,4137.6845,6.1124,5.09,-1.22248,0.2679,0.57,0.5982,0.3036,0.3571,0.4329,S3,Estabilidad,Moderada
2025-04,M09,Inmobiliario,1.867,5.16,9.5,23.3403,,4280.258,10.6589,5.16,-2.13178,0.1161,0.77,0.5625,0.3036,0.2411,0.4202,S3,Estabilidad,Moderada
2025-05,M09,Inmobiliario,1.7995,5.05,9.2581,14.237,,4203.3771,8.6396,5.05,-1.7279200000000001,0.0804,0.56,0.6071,0.3125,0.2946,0.4088,S3,Estabilidad,Moderada
2025-06,M09,Inmobiliario,1.7973,4.82,9.25,-11.6874,,4113.485,1.7485,4.82,-0.3497,0.0714,0.09,0.625,0.3839,0.4554,0.3864,S4,Decrecimiento,Media
2025-07,M09,Inmobiliario,1.8521,4.9,9.25,-0.1099,,4040.8484,0.0973,4.9,-0.01946,0.1071,0.32,0.6161,0.3839,0.4911,0.4201,S3,Estabilidad,Moderada
2025-08,M09,Inmobiliario,1.9396,5.1,9.25,13.7911,,4047.4116,-0.4461,5.1,0.08922000000000001,0.1339,0.55,0.5804,0.3839,0.5268,0.4437,S3,Estabilidad,Moderada
2025-09,M09,Inmobiliario,1.999,5.18,9.25,10.5817,,3922.212,-6.2235,5.18,1.2447,0.1786,0.53,0.5536,0.3839,0.7054,0.448,S3,Estabilidad,Moderada
2025-10,M09,Inmobiliario,2.009,5.51,9.25,0.5001,,3877.8448,-8.7452,5.51,1.7490400000000002,0.1964,0.34,0.4464,0.3839,0.7321,0.3921,S4,Decrecimiento,Media
2025-11,M09,Inmobiliario,2.0455,5.3,9.25,16.7877,,3786.1833,-14.1193,5.3,2.8238600000000003,0.25,0.63,0.4911,0.3839,0.8036,0.4554,S3,Estabilidad,Moderada
2025-12,M09,Inmobiliario,2.0268,5.1,9.25,-8.7221,,3791.4719,-13.5384,5.1,2.70768,0.2321,0.16,0.5804,0.3839,0.7857,0.4205,S3,Estabilidad,Moderada
2026-01,M09,Inmobiliario,2.0149,5.35,9.25,-10.5826,,3702.999,-14.035,5.35,2.8070000000000004,0.2232,0.11,0.4821,0.3839,0.7946,0.381,S4,Decrecimiento,Media
2026-02,M09,Inmobiliario,1.9557,5.29,10.2143,7.3981,,3675.6414,-10.9573,5.29,2.19146,0.1429,0.46,0.5,0.2411,0.7768,0.37,S4,Decrecimiento,Media
2026-03,M09,Inmobiliario,1.9906,5.56,10.25,1.3342,,3717.5574,-10.1537,5.56,2.03074,0.1518,0.35,0.4375,0.2321,0.7589,0.3323,S4,Decrecimiento,Media
2026-04,M09,Inmobiliario,1.9906,5.09,11.25,1.3342,,3617.5187,-15.4836,5.09,3.09672,0.1518,0.35,0.5982,0.1875,0.8393,0.3737,S4,Decrecimiento,Media
2015-01,M10,Servicios profesionales,3.8131,3.82,4.5,,,2397.2581,-15.4836,3.82,3.09672,0.7679,,0.8036,0.7857,0.8393,0.793,S2,Crecimiento,Moderada
2015-02,M10,Servicios profesionales,1.7595,4.36,4.5,,,2420.6725,-15.4836,4.36,3.09672,0.5,,0.7143,0.7857,0.8393,0.7176,S2,Crecimiento,Moderada
2015-03,M10,Servicios profesionales,0.8935,4.56,4.5,,,2585.3623,-15.4836,4.56,3.09672,0.3571,,0.6696,0.7857,0.8393,0.6784,S2,Crecimiento,Moderada
2015-04,M10,Servicios profesionales,0.1049,4.64,4.5,,,2505.248,-15.4836,4.64,3.09672,0.2768,,0.6607,0.7857,0.8393,0.6625,S2,Crecimiento,Moderada
2015-05,M10,Servicios profesionales,-0.2876,4.41,4.5,,,2437.5352,-15.4836,4.41,3.09672,0.2143,,0.6964,0.7857,0.8393,0.6663,S2,Crecimiento,Moderada
2015-06,M10,Servicios profesionales,-0.2562,4.42,4.5,,,2562.4777,-15.4836,4.42,3.09672,0.2232,,0.6875,0.7857,0.8393,0.6643,S2,Crecimiento,Moderada
2015-07,M10,Servicios profesionales,1.1721,4.46,4.5,,,2732.0358,-15.4836,4.46,3.09672,0.4018,,0.6786,0.7857,0.8393,0.6888,S2,Crecimiento,Moderada
2015-08,M10,Servicios profesionales,0.6562,4.74,4.5,,,3012.5874,-15.4836,4.74,3.09672,0.3482,,0.6339,0.7857,0.8393,0.6636,S2,Crecimiento,Moderada
2015-09,M10,Servicios profesionales,-0.2986,5.35,4.525,,,3066.408,-15.4836,5.35,3.09672,0.2054,,0.4821,0.6964,0.8393,0.5479,S3,Estabilidad,Moderada
2015-10,M10,Servicios profesionales,-1.8711,5.89,4.75,,,2929.4723,-15.4836,5.89,3.09672,0.1071,,0.4107,0.6786,0.8393,0.4984,S3,Estabilidad,Moderada
2015-11,M10,Servicios profesionales,-3.6313,6.39,5.225,,,3001.3763,-15.4836,6.39,3.09672,0.0357,,0.3839,0.6429,0.8393,0.4627,S3,Estabilidad,Moderada
2015-12,M10,Servicios profesionales,-4.0246,6.77,5.5887,,,3244.2016,-15.4836,6.77,3.09672,0.0179,,0.3661,0.6071,0.8393,0.4387,S3,Estabilidad,Moderada
2016-01,M10,Servicios profesionales,-3.4752,7.45,5.75,1.1142,,3270.1952,36.414,7.45,-7.282800000000001,0.0446,0.4,0.2946,0.5982,0.0089,0.366,S4,Decrecimiento,Media
2016-02,M10,Servicios profesionales,-2.3616,7.59,6.069,8.7858,,3354.9569,38.5961,7.59,-7.71922,0.0893,0.82,0.2857,0.5625,0.0,0.4104,S3,Estabilidad,Moderada
2016-03,M10,Servicios profesionales,-3.1883,7.98,6.3306,3.6104,,3128.789,21.0194,7.98,-4.203880000000001,0.0536,0.56,0.2589,0.5446,0.0625,0.3602,S4,Decrecimiento,Media
2016-04,M10,Servicios profesionales,-2.151,7.93,6.5,18.8492,,2997.727,19.6579,7.93,-3.9315800000000003,0.0982,0.98,0.2679,0.5357,0.0893,0.4219,S3,Estabilidad,Moderada
2016-05,M10,Servicios profesionales,-2.4905,8.2,6.9919,7.088,,2993.5084,22.8088,8.2,-4.5617600000000005,0.0804,0.75,0.2321,0.5179,0.0446,0.3692,S4,Decrecimiento,Media
2016-06,M10,Servicios profesionales,-2.7552,8.6,7.3167,1.7559,,2992.8587,16.7955,8.6,-3.3591,0.0625,0.44,0.2054,0.4911,0.1071,0.3118,S4,Decrecimiento,Media
2016-07,M10,Servicios profesionales,-4.3765,8.97,7.5,0.3483,,2960.9997,8.3807,8.97,-1.67614,0.0089,0.34,0.1964,0.4732,0.3036,0.2929,S4,Decrecimiento,Media
2016-08,M10,Servicios profesionales,-3.7956,8.1,7.75,1.0155,,2952.7668,-1.9857,8.1,0.39714000000000005,0.0268,0.39,0.2411,0.4375,0.5804,0.3188,S4,Decrecimiento,Media
2016-09,M10,Servicios profesionales,-2.6641,7.27,7.75,13.1169,,2924.2653,-4.6355,7.27,0.9271000000000001,0.0714,0.91,0.3125,0.4375,0.6696,0.4205,S3,Estabilidad,Moderada
2016-10,M10,Servicios profesionales,-1.5594,6.48,7.75,23.239331025448287,,2929.3887,-0.0029,6.48,0.00058,0.1161,0.99,0.375,0.4375,0.5,0.4483,S3,Estabilidad,Moderada
2016-11,M10,Servicios profesionales,-0.5459,5.96,7.75,-8.1512,,3110.2587,3.6277,5.96,-0.7255400000000001,0.1696,0.03,0.4018,0.4375,0.4375,0.3367,S4,Decrecimiento,Media
2016-12,M10,Servicios profesionales,0.2967,5.75,7.6452,2.324,,3009.8639,-7.2233,5.75,1.44466,0.3036,0.49,0.4286,0.4464,0.7232,0.4417,S3,Estabilidad,Moderada
2017-01,M10,Servicios profesionales,-0.2055,5.47,7.5,6.2946,,2941.3994,-10.0543,5.47,2.01086,0.2321,0.7,0.4554,0.4732,0.75,0.4789,S3,Estabilidad,Moderada
2017-02,M10,Servicios profesionales,-0.1555,5.18,7.4821,5.563,,2879.5668,-14.1698,5.18,2.8339600000000003,0.2411,0.67,0.5536,0.4821,0.8125,0.515,S3,Estabilidad,Moderada
2017-03,M10,Servicios profesionales,1.2609,4.69,7.2097,-2.7739,,2942.2861,-5.9609,4.69,1.19218,0.4196,0.19,0.6429,0.5,0.6964,0.5064,S3,Estabilidad,Moderada
2017-04,M10,Servicios profesionales,0.3879,4.66,7.0,3.7774,,2877.8217,-3.9999,4.66,0.79998,0.3125,0.61,0.6518,0.5089,0.6607,0.5504,S3,Estabilidad,Moderada
2017-05,M10,Servicios profesionales,1.5616,4.37,6.5,3.5691,,2923.6129,-2.3349,4.37,0.46698000000000006,0.4821,0.54,0.7054,0.5357,0.6071,0.5885,S3,Estabilidad,Moderada
2017-06,M10,Servicios profesionales,2.7988,3.99,6.25,-0.1572,,2957.0983,-1.1949,3.99,0.23898000000000003,0.6607,0.32,0.75,0.5536,0.5714,0.6033,S2,Crecimiento,Moderada
2017-07,M10,Servicios profesionales,2.4514,3.4,5.7661,8.9339,,3036.5839,2.5527,3.4,-0.5105400000000001,0.6071,0.84,0.8571,0.5893,0.4464,0.7044,S2,Crecimiento,Moderada
2017-08,M10,Servicios profesionales,2.5829,3.87,5.5,17.0698,,2973.2048,0.6922,3.87,-0.13844,0.6429,0.95,0.7679,0.6161,0.4732,0.7051,S2,Crecimiento,Moderada
2017-09,M10,Servicios profesionales,1.475,3.97,5.25,4.2432,,2917.085,-0.2455,3.97,0.049100000000000005,0.4643,0.62,0.7589,0.625,0.5179,0.6407,S2,Crecimiento,Moderada
2017-10,M10,Servicios profesionales,0.4928,4.05,5.2339,-5.6187,,2953.7558,0.8318,4.05,-0.16636,0.3304,0.1,0.7411,0.6339,0.4643,0.5496,S3,Estabilidad,Moderada
2017-11,M10,Servicios profesionales,1.3186,4.12,4.9667,11.5328,,3013.4667,-3.112,4.12,0.6224000000000001,0.4375,0.87,0.7232,0.6607,0.625,0.6761,S2,Crecimiento,Moderada
2017-12,M10,Servicios profesionales,3.5446,4.09,4.75,8.2465,,2991.7619,-0.6014,4.09,0.12028000000000001,0.7232,0.81,0.7321,0.6786,0.5446,0.712,S2,Crecimiento,Moderada
2018-01,M10,Servicios profesionales,2.458,3.68,4.7339,5.9709,,2868.5723,-2.4759,3.68,0.49518000000000006,0.6161,0.69,0.8393,0.6875,0.6161,0.7241,S2,Crecimiento,Moderada
2018-02,M10,Servicios profesionales,2.5568,3.37,4.5,2.3786,,2860.2529,-0.6707,3.37,0.13414,0.625,0.5,0.8661,0.7857,0.5536,0.7408,S2,Crecimiento,Moderada
2018-03,M10,Servicios profesionales,4.1439,3.14,4.5,11.9092,,2847.9306,-3.2069,3.14,0.6413800000000001,0.8125,0.89,0.9643,0.7857,0.6339,0.8533,S1,Aceleración,Baja
2018-04,M10,Servicios profesionales,4.6662,3.13,4.4917,-10.6917,,2766.285,-3.8757,3.13,0.77514,0.8304,0.01,0.9732,0.7946,0.6429,0.7483,S2,Crecimiento,Moderada
2018-05,M10,Servicios profesionales,3.5702,3.16,4.25,-0.1814,,2861.8258,-2.1134,3.16,0.42268,0.7411,0.31,0.9464,0.9732,0.5893,0.8263,S1,Aceleración,Baja
2018-06,M10,Servicios profesionales,4.7031,3.2,4.25,9.2421,,2889.689,-2.2796,3.2,0.45592,0.8393,0.85,0.9286,0.9732,0.5982,0.9042,S1,Aceleración,Baja
2018-07,M10,Servicios profesionales,3.5495,3.12,4.25,-1.3767,,2885.3219,-4.9813,3.12,0.99626,0.7321,0.24,0.9821,0.9732,0.6786,0.8326,S1,Aceleración,Baja
2018-08,M10,Servicios profesionales,5.2308,3.1,4.25,-8.9169,,2958.6668,-0.489,3.1,0.0978,0.8929,0.02,0.9911,0.9732,0.5357,0.8212,S1,Aceleración,Baja
2018-09,M10,Servicios profesionales,4.1711,3.23,4.25,1.565,,3033.768,4.0,3.23,-0.8,0.8214,0.42,0.9107,0.9732,0.4196,0.8306,S1,Aceleración,Baja
2018-10,M10,Servicios profesionales,5.0824,3.33,4.25,5.6167,,3084.831,4.4376,3.33,-0.88752,0.8661,0.68,0.875,0.9732,0.4107,0.8581,S1,Aceleración,Baja
2018-11,M10,Servicios profesionales,5.158,3.27,4.25,-2.9633,,3194.0343,5.992,3.27,-1.1984000000000001,0.875,0.18,0.8929,0.9732,0.3661,0.7981,S2,Crecimiento,Moderada
2018-12,M10,Servicios profesionales,2.3815,3.18,4.25,1.8611,,3218.551,7.5805,3.18,-1.5161,0.5982,0.46,0.9375,0.9732,0.3214,0.809,S1,Aceleración,Baja
2019-01,M10,Servicios profesionales,4.011,3.15,4.25,-5.8591,,3165.1881,10.3402,3.15,-2.06804,0.7946,0.09,0.9554,0.9732,0.25,0.7898,S2,Crecimiento,Moderada
2019-02,M10,Servicios profesionales,4.8883,3.01,4.25,-1.0459,,3115.8386,8.9358,3.01,-1.78716,0.8482,0.29,1.0,0.9732,0.2857,0.8395,S1,Aceleración,Baja
2019-03,M10,Servicios profesionales,1.5962,3.21,4.25,-7.3492,,3128.6842,9.8582,3.21,-1.97164,0.4911,0.04,0.9196,0.9732,0.2679,0.7313,S2,Crecimiento,Moderada
2019-04,M10,Servicios profesionales,3.3635,3.25,4.25,13.7988,,3155.765,14.0795,3.25,-2.8159,0.7143,0.92,0.9018,0.9732,0.1518,0.8635,S1,Aceleración,Baja
2019-05,M10,Servicios profesionales,5.707,3.31,4.25,1.2059,,3304.4945,15.4681,3.31,-3.09362,0.9107,0.41,0.8839,0.9732,0.125,0.8167,S1,Aceleración,Baja
2019-06,M10,Servicios profesionales,3.5941,3.43,4.25,-4.1362,,3260.517,12.8328,3.43,-2.5665600000000004,0.7589,0.13,0.8482,0.9732,0.1786,0.7511,S2,Crecimiento,Moderada
2019-07,M10,Servicios profesionales,5.2217,3.79,4.25,0.9683,,3206.6003,11.1349,3.79,-2.22698,0.8839,0.38,0.8214,0.9732,0.2143,0.7935,S2,Crecimiento,Moderada
2019-08,M10,Servicios profesionales,3.3268,3.75,4.25,2.2968,,3410.729,15.2793,3.75,-3.05586,0.7054,0.48,0.8304,0.9732,0.1339,0.7809,S2,Crecimiento,Moderada
2019-09,M10,Servicios profesionales,2.789,3.82,4.25,7.6914,,3399.457,12.054,3.82,-2.4108,0.6518,0.77,0.8036,0.9732,0.1875,0.8052,S1,Aceleración,Baja
2019-10,M10,Servicios profesionales,3.2507,3.86,4.25,0.8818,,3433.3116,11.2966,3.86,-2.25932,0.6964,0.36,0.7768,0.9732,0.2054,0.7504,S2,Crecimiento,Moderada
2019-11,M10,Servicios profesionales,1.9302,3.84,4.25,2.5079,,3401.473,6.4946,3.84,-1.29892,0.5446,0.51,0.7857,0.9732,0.3482,0.7598,S2,Crecimiento,Moderada
2019-12,M10,Servicios profesionales,1.7777,3.8,4.25,-0.084,,3378.0506,4.9556,3.8,-0.99112,0.5179,0.33,0.8125,0.9732,0.3929,0.7441,S2,Crecimiento,Moderada
2020-01,M10,Servicios profesionales,3.2814,3.62,4.25,15.4879,,3311.1894,4.6127,3.62,-0.9225400000000001,0.7054,0.95,0.8393,0.9732,0.4018,0.8591,S1,Aceleración,Baja
2020-02,M10,Servicios profesionales,1.8631,3.72,4.25,0.3736,,3411.0528,9.4746,3.72,-1.8949200000000002,0.5357,0.35,0.8304,0.9732,0.2768,0.7487,S2,Crecimiento,Moderada
2020-03,M10,Servicios profesionales,-2.3102,3.86,4.2177,8.2227,,3877.0484,23.9195,3.86,-4.7839,0.0982,0.8,0.7768,0.9732,0.0446,0.7175,S2,Crecimiento,Moderada
2020-04,M10,Servicios profesionales,-12.7442,3.51,3.75,-17.23610502544829,,3977.3933,26.0358,3.51,-5.20716,0.0,0.0,0.8393,0.9911,0.0268,0.6264,S2,Crecimiento,Moderada
2020-05,M10,Servicios profesionales,-13.7007,2.85,3.2984,-9.9697,,3858.1916,16.7559,2.85,-3.3511800000000003,0.0,0.02,1.0,0.9911,0.1161,0.6866,S2,Crecimiento,Moderada
2020-06,M10,Servicios profesionales,-10.7125,2.19,2.75,-10.5292,,3701.6043,13.5281,2.19,-2.70562,0.0,0.02,1.0,1.0,0.1696,0.6926,S2,Crecimiento,Moderada
2020-07,M10,Servicios profesionales,-8.9,1.97,2.5,-12.7955,,3657.8668,14.0731,1.97,-2.81462,0.0,0.0,1.0,1.0,0.1607,0.6896,S2,Crecimiento,Moderada
2020-08,M10,Servicios profesionales,-9.0486,1.88,2.2661,-17.23610502544829,,3783.0258,10.9155,1.88,-2.1831,0.0,0.0,1.0,1.0,0.2321,0.6934,S2,Crecimiento,Moderada
2020-09,M10,Servicios profesionales,-6.1026,1.97,1.975,-16.3027,,3750.2153,10.3181,1.97,-2.06362,0.0,0.0,1.0,1.0,0.2589,0.6949,S2,Crecimiento,Moderada
2020-10,M10,Servicios profesionales,-4.7784,1.75,1.75,-15.4667,,3833.7884,11.6644,1.75,-2.3328800000000003,0.0089,0.0,1.0,1.0,0.1964,0.6927,S2,Crecimiento,Moderada
2020-11,M10,Servicios profesionales,-3.7826,1.49,1.75,-7.1683,,3685.6267,8.3538,1.49,-1.67076,0.0357,0.05,1.0,1.0,0.3125,0.7091,S2,Crecimiento,Moderada
2020-12,M10,Servicios profesionales,-1.9381,1.61,1.75,-2.6376,,3466.1271,2.6073,1.61,-0.52146,0.1071,0.21,1.0,1.0,0.4464,0.7467,S2,Crecimiento,Moderada
2021-01,M10,Servicios profesionales,-1.9853,1.6,1.75,6.1447,,3491.3216,5.4401,1.6,-1.08802,0.1071,0.7,1.0,1.0,0.375,0.8063,S1,Aceleración,Baja
2021-02,M10,Servicios profesionales,-0.6891,1.56,1.75,23.239331025448287,,3554.5043,4.2055,1.56,-0.8411,0.1696,0.99,1.0,1.0,0.4196,0.8547,S1,Aceleración,Baja
2021-03,M10,Servicios profesionales,6.1594,1.51,1.75,18.7537,,3612.7684,-6.8165,1.51,1.3633,0.9286,0.98,1.0,1.0,0.7143,0.9723,S1,Aceleración,Baja
2021-04,M10,Servicios profesionales,16.208,1.95,1.75,23.239331025448287,,3650.776,-8.2118,1.95,1.64236,1.0,0.99,1.0,1.0,0.7321,0.9843,S1,Aceleración,Baja
2021-05,M10,Servicios profesionales,13.6584,3.3,1.75,23.239331025448287,,3735.6661,-3.1757,3.3,0.63514,0.9911,0.99,0.8839,1.0,0.6339,0.9396,S1,Aceleración,Baja
2021-06,M10,Servicios profesionales,13.0455,3.63,1.75,23.239331025448287,,3685.0427,-0.4474,3.63,0.08948,0.9911,0.99,0.8393,1.0,0.5357,0.9197,S1,Aceleración,Baja
2021-07,M10,Servicios profesionales,12.36,3.97,1.75,23.239331025448287,,3829.4181,4.6899,3.97,-0.93798,0.9911,0.99,0.7589,1.0,0.4018,0.8861,S1,Aceleración,Baja
2021-08,M10,Servicios profesionales,12.2313,4.44,1.75,23.239331025448287,,3881.1835,2.5947,4.44,-0.5189400000000001,0.9911,0.99,0.6786,1.0,0.4464,0.8621,S1,Aceleración,Baja
2021-09,M10,Servicios profesionales,14.9065,4.51,1.75,23.239331025448287,,3821.5377,1.9018,4.51,-0.38036000000000003,1.0,0.99,0.6696,1.0,0.4554,0.8609,S1,Aceleración,Baja
2021-10,M10,Servicios profesionales,10.0139,4.58,2.0,23.239331025448287,,3773.3842,-1.5756,4.58,0.31512,0.9732,0.99,0.6607,1.0,0.5804,0.8611,S1,Aceleración,Baja
2021-11,M10,Servicios profesionales,12.5495,5.26,2.4833,23.239331025448287,,3902.901,5.8952,5.26,-1.17904,0.9911,0.99,0.5089,1.0,0.375,0.8026,S1,Aceleración,Baja
2021-12,M10,Servicios profesionales,10.9343,5.62,2.6935,23.239331025448287,,3963.1335,14.339,5.62,-2.8678000000000003,0.9732,0.99,0.4286,1.0,0.1518,0.7618,S2,Crecimiento,Moderada
2022-01,M10,Servicios profesionales,8.1816,6.94,3.0323,14.8807,,3999.6161,14.5588,6.94,-2.91176,0.9375,0.94,0.3482,1.0,0.1429,0.7236,S2,Crecimiento,Moderada
2022-02,M10,Servicios profesionales,9.0593,8.01,4.0,4.6051,,3935.8357,10.7281,8.01,-2.14562,0.9643,0.63,0.25,0.9911,0.2321,0.6565,S2,Crecimiento,Moderada
2022-03,M10,Servicios profesionales,8.9877,8.53,4.0,-1.2947,,3807.171,5.381,8.53,-1.0762,0.9464,0.25,0.2143,0.9911,0.375,0.6008,S2,Crecimiento,Moderada
2022-04,M10,Servicios profesionales,11.6504,9.23,5.0,8.0928,,3792.982,3.8952,9.23,-0.7790400000000001,0.9821,0.79,0.1786,0.6518,0.4286,0.5471,S3,Estabilidad,Moderada
2022-05,M10,Servicios profesionales,13.9002,9.07,5.9677,6.7357,,4019.0794,7.5867,9.07,-1.5173400000000001,0.9911,0.74,0.1875,0.5804,0.3125,0.5134,S3,Estabilidad,Moderada
2022-06,M10,Servicios profesionales,11.304,9.67,6.0,-5.0743,,3930.7667,6.6681,9.67,-1.33362,0.9732,0.12,0.1607,0.5714,0.3393,0.4201,S3,Estabilidad,Moderada
2022-07,M10,Servicios profesionales,7.316,10.21,7.5,11.6077,,4367.8058,14.0593,10.21,-2.8118600000000002,0.9286,0.88,0.1429,0.4732,0.1607,0.4624,S3,Estabilidad,Moderada
2022-08,M10,Servicios profesionales,9.0454,10.84,9.0,5.4299,,4322.4694,11.3699,10.84,-2.27398,0.9554,0.66,0.125,0.4018,0.1964,0.4084,S3,Estabilidad,Moderada
2022-09,M10,Servicios profesionales,4.9439,11.44,9.0333,1.872,,4433.651,16.0175,11.44,-3.2035,0.8571,0.47,0.0982,0.3929,0.1161,0.3542,S4,Decrecimiento,Media
2022-10,M10,Servicios profesionales,5.8764,12.22,10.0323,-1.0843,,4711.8303,24.8701,12.22,-4.97402,0.9196,0.28,0.0714,0.25,0.0357,0.2746,S4,Decrecimiento,Media
2022-11,M10,Servicios profesionales,1.1675,12.53,11.0,4.7831,,4926.6607,26.2307,12.53,-5.2461400000000005,0.3929,0.64,0.0536,0.1964,0.0179,0.224,S4,Decrecimiento,Media
2022-12,M10,Servicios profesionales,3.9399,13.12,11.4194,-2.203,,4788.4906,20.8259,13.12,-4.16518,0.7768,0.23,0.0357,0.1696,0.0714,0.2106,S4,Decrecimiento,Media
2023-01,M10,Servicios profesionales,5.4847,13.25,12.0484,12.1829,,4715.2039,17.8914,13.25,-3.5782800000000003,0.9018,0.9,0.0268,0.1429,0.0982,0.3034,S4,Decrecimiento,Media
2023-02,M10,Servicios profesionales,3.2243,13.28,12.75,-1.2204,,4803.1125,22.0354,13.28,-4.40708,0.6875,0.26,0.0179,0.1161,0.0536,0.1767,S5,Contracción,Alta
2023-03,M10,Servicios profesionales,2.582,13.34,12.7581,17.2176,,4766.3058,25.1928,13.34,-5.03856,0.6339,0.97,0.0089,0.0982,0.0268,0.2506,S4,Decrecimiento,Media
2023-04,M10,Servicios profesionales,-0.5175,12.82,13.0,0.9531,,4542.6743,19.7652,12.82,-3.95304,0.1786,0.37,0.0446,0.0893,0.0804,0.1226,S5,Contracción,Alta
2023-05,M10,Servicios profesionales,-0.4862,12.36,13.2419,1.5772,,4540.089,12.9634,12.36,-2.59268,0.1875,0.43,0.0625,0.0625,0.1696,0.1328,S5,Contracción,Alta
2023-06,M10,Servicios profesionales,4.0747,12.13,13.25,17.1156,,4209.268,7.0852,12.13,-1.41704,0.8036,0.96,0.0804,0.0536,0.3304,0.2965,S4,Decrecimiento,Media
2023-07,M10,Servicios profesionales,2.2635,11.78,13.25,-3.2794,,4069.2335,-6.8358,11.78,1.3671600000000002,0.5893,0.14,0.0893,0.0536,0.7143,0.1848,S5,Contracción,Alta
2023-08,M10,Servicios profesionales,0.9983,11.43,13.25,4.9244,,4070.7252,-5.8241,11.43,1.16482,0.375,0.65,0.1071,0.0536,0.6875,0.2262,S4,Decrecimiento,Media
2023-09,M10,Servicios profesionales,-0.3989,10.99,13.25,0.4039,,4004.5207,-9.6789,10.99,1.9357800000000003,0.1964,0.35,0.1161,0.0536,0.7411,0.1689,S5,Contracción,Alta
2023-10,M10,Servicios profesionales,2.241,10.48,13.25,3.2908,,4222.4332,-10.3866,10.48,2.07732,0.5804,0.52,0.1339,0.0536,0.7679,0.2503,S4,Decrecimiento,Media
2023-11,M10,Servicios profesionales,3.9879,10.15,13.25,3.7455,,4038.8047,-18.0215,10.15,3.6043000000000003,0.7857,0.58,0.1518,0.0536,0.9732,0.3029,S4,Decrecimiento,Media
2023-12,M10,Servicios profesionales,-0.155,9.28,13.1532,7.55,,3948.2068,-17.548,9.28,3.5096,0.25,0.76,0.1696,0.0714,0.9643,0.2652,S4,Decrecimiento,Media
2024-01,M10,Servicios profesionales,0.5083,8.35,13.0,-3.2216,,3915.1987,-16.9665,8.35,3.3933,0.3393,0.15,0.2232,0.0893,0.9554,0.2217,S4,Decrecimiento,Media
2024-02,M10,Servicios profesionales,0.1183,7.74,12.75,-6.5517,,3931.4386,-18.1481,7.74,3.62962,0.2857,0.05,0.2768,0.1161,0.9821,0.23,S4,Decrecimiento,Media
2024-03,M10,Servicios profesionales,-1.4758,7.36,12.6532,1.8344,,3899.3413,-18.1894,7.36,3.63788,0.125,0.45,0.3036,0.125,0.9911,0.2724,S4,Decrecimiento,Media
2024-04,M10,Servicios profesionales,3.5721,7.16,12.25,3.6059,,3867.9753,-14.8525,7.16,2.9705,0.75,0.55,0.3393,0.1339,0.8304,0.3764,S4,Decrecimiento,Media
2024-05,M10,Servicios profesionales,0.232,7.16,11.7661,-0.9419,,3869.1006,-14.7792,7.16,2.9558400000000002,0.2946,0.3,0.3393,0.1518,0.8214,0.288,S4,Decrecimiento,Media
2024-06,M10,Servicios profesionales,-5.6064,7.18,11.75,-6.0237,,4042.797,-3.9549,7.18,0.79098,0.0,0.08,0.3214,0.1607,0.6518,0.2077,S4,Decrecimiento,Media
2024-07,M10,Servicios profesionales,-1.0685,6.86,11.2661,3.4235,,4036.9219,-0.794,6.86,0.15880000000000002,0.1339,0.53,0.3571,0.1786,0.5625,0.2973,S4,Decrecimiento,Media
2024-08,M10,Servicios profesionales,-0.8282,6.12,10.75,-3.1212,,4065.5465,-0.1272,6.12,0.025440000000000004,0.1518,0.16,0.3929,0.2143,0.5089,0.2733,S4,Decrecimiento,Media
2024-09,M10,Servicios profesionales,-0.0273,5.81,10.75,10.0507,,4182.5123,4.4448,5.81,-0.88896,0.2589,0.86,0.4196,0.2143,0.4018,0.3815,S4,Decrecimiento,Media
2024-10,M10,Servicios profesionales,-0.8235,5.41,10.25,-5.5042,,4249.47,0.6403,5.41,-0.12806,0.1607,0.11,0.4643,0.2321,0.4821,0.2963,S4,Decrecimiento,Media
2024-11,M10,Servicios profesionales,-0.8889,5.2,9.75,-2.5216,,4408.6523,9.1574,5.2,-1.8314800000000002,0.1429,0.22,0.5357,0.2589,0.2768,0.33,S4,Decrecimiento,Media
2024-12,M10,Servicios profesionales,1.5516,5.2,9.6774,-6.0847,,4385.1487,11.0668,5.2,-2.21336,0.4732,0.07,0.5357,0.2679,0.2232,0.3556,S4,Decrecimiento,Media
2025-01,M10,Servicios profesionales,0.0932,5.22,9.5,-6.3557,,4307.5674,10.0217,5.22,-2.00434,0.2679,0.06,0.5179,0.3036,0.2589,0.3352,S4,Decrecimiento,Media
2025-02,M10,Servicios profesionales,0.4511,5.28,9.5,6.5501,,4127.9539,4.9986,5.28,-0.9997199999999999,0.3214,0.73,0.5089,0.3036,0.3839,0.433,S3,Estabilidad,Moderada
2025-03,M10,Servicios profesionales,1.3121,5.09,9.5,-2.6445,,4137.6845,6.1124,5.09,-1.22248,0.4286,0.2,0.5982,0.3036,0.3571,0.4067,S3,Estabilidad,Moderada
2025-04,M10,Servicios profesionales,0.9319,5.16,9.5,-1.1385,,4280.258,10.6589,5.16,-2.13178,0.3661,0.27,0.5625,0.3036,0.2411,0.3894,S4,Decrecimiento,Media
2025-05,M10,Servicios profesionales,1.1848,5.05,9.2581,7.8754,,4203.3771,8.6396,5.05,-1.7279200000000001,0.4107,0.78,0.6071,0.3125,0.2946,0.4821,S3,Estabilidad,Moderada
2025-06,M10,Servicios profesionales,1.3904,4.82,9.25,6.5211,,4113.485,1.7485,4.82,-0.3497,0.4464,0.72,0.625,0.3839,0.4554,0.5189,S3,Estabilidad,Moderada
2025-07,M10,Servicios profesionales,1.9059,4.9,9.25,6.3034,,4040.8484,0.0973,4.9,-0.01946,0.5357,0.71,0.6161,0.3839,0.4911,0.5287,S3,Estabilidad,Moderada
2025-08,M10,Servicios profesionales,1.1479,5.1,9.25,-2.9775,,4047.4116,-0.4461,5.1,0.08922000000000001,0.3839,0.17,0.5804,0.3839,0.5268,0.4284,S3,Estabilidad,Moderada
2025-09,M10,Servicios profesionales,2.0102,5.18,9.25,-11.0096,,3922.212,-6.2235,5.18,1.2447,0.5625,0.0,0.5536,0.3839,0.7054,0.4315,S3,Estabilidad,Moderada
2025-10,M10,Servicios profesionales,1.4263,5.51,9.25,8.2368,,3877.8448,-8.7452,5.51,1.7490400000000002,0.4554,0.8,0.4464,0.3839,0.7321,0.4868,S3,Estabilidad,Moderada
2025-11,M10,Servicios profesionales,2.0606,5.3,9.25,-2.607,,3786.1833,-14.1193,5.3,2.8238600000000003,0.5714,0.21,0.4911,0.3839,0.8036,0.4446,S3,Estabilidad,Moderada
2025-12,M10,Servicios profesionales,1.9316,5.1,9.25,3.7452,,3791.4719,-13.5384,5.1,2.70768,0.5536,0.57,0.5804,0.3839,0.7857,0.5172,S3,Estabilidad,Moderada
2026-01,M10,Servicios profesionales,1.7653,5.35,9.25,8.9267,,3702.999,-14.035,5.35,2.8070000000000004,0.5089,0.83,0.4821,0.3839,0.7946,0.513,S3,Estabilidad,Moderada
2026-02,M10,Servicios profesionales,1.8141,5.29,10.2143,14.2898,,3675.6414,-10.9573,5.29,2.19146,0.5268,0.93,0.5,0.2411,0.7768,0.483,S3,Estabilidad,Moderada
2026-03,M10,Servicios profesionales,3.2137,5.56,10.25,3.7515,,3717.5574,-10.1537,5.56,2.03074,0.6696,0.59,0.4375,0.2321,0.7589,0.4336,S3,Estabilidad,Moderada
2026-04,M10,Servicios profesionales,3.2137,5.09,11.25,3.7515,,3617.5187,-15.4836,5.09,3.09672,0.6696,0.59,0.5982,0.1875,0.8393,0.475,S3,Estabilidad,Moderada
2015-01,M11,"Gobierno, educación y salud",5.1794,3.82,4.5,,,2397.2581,-15.4836,3.82,1.54836,0.6161,,0.8036,0.7857,0.8393,0.7693,S2,Crecimiento,Moderada
2015-02,M11,"Gobierno, educación y salud",6.4395,4.36,4.5,,,2420.6725,-15.4836,4.36,1.54836,0.7857,,0.7143,0.7857,0.8393,0.7621,S2,Crecimiento,Moderada
2015-03,M11,"Gobierno, educación y salud",6.8048,4.56,4.5,,,2585.3623,-15.4836,4.56,1.54836,0.8482,,0.6696,0.7857,0.8393,0.755,S2,Crecimiento,Moderada
2015-04,M11,"Gobierno, educación y salud",5.801,4.64,4.5,,,2505.248,-15.4836,4.64,1.54836,0.7054,,0.6607,0.7857,0.8393,0.7294,S2,Crecimiento,Moderada
2015-05,M11,"Gobierno, educación y salud",8.1031,4.41,4.5,,,2437.5352,-15.4836,4.41,1.54836,0.9196,,0.6964,0.7857,0.8393,0.7762,S2,Crecimiento,Moderada
2015-06,M11,"Gobierno, educación y salud",6.7916,4.42,4.5,,,2562.4777,-15.4836,4.42,1.54836,0.8393,,0.6875,0.7857,0.8393,0.7603,S2,Crecimiento,Moderada
2015-07,M11,"Gobierno, educación y salud",10.6084,4.46,4.5,,,2732.0358,-15.4836,4.46,1.54836,0.9643,,0.6786,0.7857,0.8393,0.7765,S2,Crecimiento,Moderada
2015-08,M11,"Gobierno, educación y salud",10.2186,4.74,4.5,,,3012.5874,-15.4836,4.74,1.54836,0.9554,,0.6339,0.7857,0.8393,0.7582,S2,Crecimiento,Moderada
2015-09,M11,"Gobierno, educación y salud",6.9493,5.35,4.525,,,3066.408,-15.4836,5.35,1.54836,0.8571,,0.4821,0.6964,0.8393,0.6495,S2,Crecimiento,Moderada
2015-10,M11,"Gobierno, educación y salud",1.8426,5.89,4.75,,,2929.4723,-15.4836,5.89,1.54836,0.1786,,0.4107,0.6786,0.8393,0.5096,S3,Estabilidad,Moderada
2015-11,M11,"Gobierno, educación y salud",-1.1908,6.39,5.225,,,3001.3763,-15.4836,6.39,1.54836,0.0714,,0.3839,0.6429,0.8393,0.4683,S3,Estabilidad,Moderada
2015-12,M11,"Gobierno, educación y salud",-2.8293,6.77,5.5887,,,3244.2016,-15.4836,6.77,1.54836,0.0446,,0.3661,0.6071,0.8393,0.4429,S3,Estabilidad,Moderada
2016-01,M11,"Gobierno, educación y salud",0.9823,7.45,5.75,10.1398,,3270.1952,36.414,7.45,-3.6414000000000004,0.1339,0.93,0.2946,0.5982,0.0089,0.4467,S3,Estabilidad,Moderada
2016-02,M11,"Gobierno, educación y salud",2.4684,7.59,6.069,8.2658,,3354.9569,38.5961,7.59,-3.85961,0.25,0.85,0.2857,0.5625,0.0,0.4361,S3,Estabilidad,Moderada
2016-03,M11,"Gobierno, educación y salud",3.4177,7.98,6.3306,2.8565,,3128.789,21.0194,7.98,-2.1019400000000004,0.3661,0.47,0.2589,0.5446,0.0625,0.3909,S4,Decrecimiento,Media
2016-04,M11,"Gobierno, educación y salud",5.0981,7.93,6.5,2.0251,,2997.727,19.6579,7.93,-1.9657900000000001,0.5982,0.43,0.2679,0.5357,0.0893,0.4185,S3,Estabilidad,Moderada
2016-05,M11,"Gobierno, educación y salud",3.9429,8.2,6.9919,6.5178,,2993.5084,22.8088,8.2,-2.2808800000000002,0.4018,0.71,0.2321,0.5179,0.0446,0.4077,S3,Estabilidad,Moderada
2016-06,M11,"Gobierno, educación y salud",3.8766,8.6,7.3167,1.5799,,2992.8587,16.7955,8.6,-1.67955,0.3839,0.39,0.2054,0.4911,0.1071,0.349,S4,Decrecimiento,Media
2016-07,M11,"Gobierno, educación y salud",0.3667,8.97,7.5,3.2217,,2960.9997,8.3807,8.97,-0.83807,0.1161,0.48,0.1964,0.4732,0.3036,0.3256,S4,Decrecimiento,Media
2016-08,M11,"Gobierno, educación y salud",-0.6912,8.1,7.75,-0.0663,,2952.7668,-1.9857,8.1,0.19857000000000002,0.0804,0.26,0.2411,0.4375,0.5804,0.3093,S4,Decrecimiento,Media
2016-09,M11,"Gobierno, educación y salud",2.4768,7.27,7.75,1.9869,,2924.2653,-4.6355,7.27,0.4635500000000001,0.2589,0.42,0.3125,0.4375,0.6696,0.3825,S4,Decrecimiento,Media
2016-10,M11,"Gobierno, educación y salud",5.9982,6.48,7.75,-4.3807,,2929.3887,-0.0029,6.48,0.00029,0.7411,0.1,0.375,0.4375,0.5,0.4178,S3,Estabilidad,Moderada
2016-11,M11,"Gobierno, educación y salud",8.026,5.96,7.75,8.5858,,3110.2587,3.6277,5.96,-0.36277000000000004,0.9018,0.89,0.4018,0.4375,0.4375,0.5474,S3,Estabilidad,Moderada
2016-12,M11,"Gobierno, educación y salud",8.8977,5.75,7.6452,5.9507,,3009.8639,-7.2233,5.75,0.72233,0.9286,0.66,0.4286,0.4464,0.7232,0.5486,S3,Estabilidad,Moderada
2017-01,M11,"Gobierno, educación y salud",6.1313,5.47,7.5,-4.0986,,2941.3994,-10.0543,5.47,1.00543,0.75,0.11,0.4554,0.4732,0.75,0.4728,S3,Estabilidad,Moderada
2017-02,M11,"Gobierno, educación y salud",3.3059,5.18,7.4821,-4.9469,,2879.5668,-14.1698,5.18,1.4169800000000001,0.3304,0.06,0.5536,0.4821,0.8125,0.4481,S3,Estabilidad,Moderada
2017-03,M11,"Gobierno, educación y salud",2.2887,4.69,7.2097,0.8077,,2942.2861,-5.9609,4.69,0.59609,0.2232,0.32,0.6429,0.5,0.6964,0.4966,S3,Estabilidad,Moderada
2017-04,M11,"Gobierno, educación y salud",1.3435,4.66,7.0,4.7518,,2877.8217,-3.9999,4.66,0.39999,0.1607,0.6,0.6518,0.5089,0.6607,0.5285,S3,Estabilidad,Moderada
2017-05,M11,"Gobierno, educación y salud",2.3318,4.37,6.5,-3.8407,,2923.6129,-2.3349,4.37,0.23349000000000003,0.2321,0.12,0.7054,0.5357,0.6071,0.5002,S3,Estabilidad,Moderada
2017-06,M11,"Gobierno, educación y salud",5.4335,3.99,6.25,3.702,,2957.0983,-1.1949,3.99,0.11949000000000001,0.6429,0.54,0.75,0.5536,0.5714,0.6294,S2,Crecimiento,Moderada
2017-07,M11,"Gobierno, educación y salud",2.8084,3.4,5.7661,-5.5389,,3036.5839,2.5527,3.4,-0.25527000000000005,0.2768,0.04,0.8571,0.5893,0.4464,0.556,S3,Estabilidad,Moderada
2017-08,M11,"Gobierno, educación y salud",4.6219,3.87,5.5,7.6842,,2973.2048,0.6922,3.87,-0.06922,0.5179,0.8,0.7679,0.6161,0.4732,0.6687,S2,Crecimiento,Moderada
2017-09,M11,"Gobierno, educación y salud",1.9395,3.97,5.25,0.9986,,2917.085,-0.2455,3.97,0.024550000000000002,0.1875,0.34,0.7589,0.625,0.5179,0.5669,S3,Estabilidad,Moderada
2017-10,M11,"Gobierno, educación y salud",2.9643,4.05,5.2339,1.1999,,2953.7558,0.8318,4.05,-0.08318,0.2946,0.36,0.7411,0.6339,0.4643,0.5784,S3,Estabilidad,Moderada
2017-11,M11,"Gobierno, educación y salud",4.2826,4.12,4.9667,-4.8734,,3013.4667,-3.112,4.12,0.31120000000000003,0.4821,0.07,0.7232,0.6607,0.625,0.5786,S3,Estabilidad,Moderada
2017-12,M11,"Gobierno, educación y salud",4.211,4.09,4.75,-5.7848,,2991.7619,-0.6014,4.09,0.060140000000000006,0.4286,0.03,0.7321,0.6786,0.5446,0.571,S3,Estabilidad,Moderada
2018-01,M11,"Gobierno, educación y salud",3.3032,3.68,4.7339,-1.3181,,2868.5723,-2.4759,3.68,0.24759000000000003,0.3214,0.21,0.8393,0.6875,0.6161,0.622,S2,Crecimiento,Moderada
2018-02,M11,"Gobierno, educación y salud",4.8248,3.37,4.5,2.7775,,2860.2529,-0.6707,3.37,0.06707,0.5357,0.45,0.8661,0.7857,0.5536,0.7222,S2,Crecimiento,Moderada
2018-03,M11,"Gobierno, educación y salud",5.0909,3.14,4.5,1.411,,2847.9306,-3.2069,3.14,0.32069000000000003,0.5893,0.37,0.9643,0.7857,0.6339,0.7557,S2,Crecimiento,Moderada
2018-04,M11,"Gobierno, educación y salud",5.1241,3.13,4.4917,0.8515,,2766.285,-3.8757,3.13,0.38757,0.6071,0.33,0.9732,0.7946,0.6429,0.7594,S2,Crecimiento,Moderada
2018-05,M11,"Gobierno, educación y salud",5.0339,3.16,4.25,3.6813,,2861.8258,-2.1134,3.16,0.21134,0.5714,0.52,0.9464,0.9732,0.5893,0.8305,S1,Aceleración,Baja
2018-06,M11,"Gobierno, educación y salud",4.4494,3.2,4.25,7.4644,,2889.689,-2.2796,3.2,0.22796,0.5089,0.79,0.9286,0.9732,0.5982,0.8516,S1,Aceleración,Baja
2018-07,M11,"Gobierno, educación y salud",4.2364,3.12,4.25,9.5861,,2885.3219,-4.9813,3.12,0.49813,0.4375,0.92,0.9821,0.9732,0.6786,0.8807,S1,Aceleración,Baja
2018-08,M11,"Gobierno, educación y salud",5.0445,3.1,4.25,-0.2134,,2958.6668,-0.489,3.1,0.0489,0.5804,0.25,0.9911,0.9732,0.5357,0.8085,S1,Aceleración,Baja
2018-09,M11,"Gobierno, educación y salud",5.8445,3.23,4.25,-6.5523,,3033.768,4.0,3.23,-0.4,0.7143,0.01,0.9107,0.9732,0.4196,0.763,S2,Crecimiento,Moderada
2018-10,M11,"Gobierno, educación y salud",5.5467,3.33,4.25,0.5863,,3084.831,4.4376,3.33,-0.44376,0.6786,0.29,0.875,0.9732,0.4107,0.7822,S2,Crecimiento,Moderada
2018-11,M11,"Gobierno, educación y salud",5.0032,3.27,4.25,-0.0507,,3194.0343,5.992,3.27,-0.5992000000000001,0.5625,0.27,0.8929,0.9732,0.3661,0.7673,S2,Crecimiento,Moderada
2018-12,M11,"Gobierno, educación y salud",3.3517,3.18,4.25,8.2086,,3218.551,7.5805,3.18,-0.75805,0.3482,0.83,0.9375,0.9732,0.3214,0.823,S1,Aceleración,Baja
2019-01,M11,"Gobierno, educación y salud",5.7362,3.15,4.25,1.0121,,3165.1881,10.3402,3.15,-1.03402,0.6964,0.35,0.9554,0.9732,0.25,0.8101,S1,Aceleración,Baja
2019-02,M11,"Gobierno, educación y salud",6.428,3.01,4.25,5.8449,,3115.8386,8.9358,3.01,-0.89358,0.7768,0.65,1.0,0.9732,0.2857,0.8764,S1,Aceleración,Baja
2019-03,M11,"Gobierno, educación y salud",3.1893,3.21,4.25,5.3075,,3128.6842,9.8582,3.21,-0.98582,0.3036,0.63,0.9196,0.9732,0.2679,0.7823,S2,Crecimiento,Moderada
2019-04,M11,"Gobierno, educación y salud",4.9515,3.25,4.25,-1.9225,,3155.765,14.0795,3.25,-1.40795,0.5446,0.17,0.9018,0.9732,0.1518,0.7433,S2,Crecimiento,Moderada
2019-05,M11,"Gobierno, educación y salud",6.2665,3.31,4.25,5.0749,,3304.4945,15.4681,3.31,-1.54681,0.7589,0.61,0.8839,0.9732,0.125,0.822,S1,Aceleración,Baja
2019-06,M11,"Gobierno, educación y salud",4.2527,3.43,4.25,-1.8234,,3260.517,12.8328,3.43,-1.2832800000000002,0.4554,0.19,0.8482,0.9732,0.1786,0.7176,S2,Crecimiento,Moderada
2019-07,M11,"Gobierno, educación y salud",6.7487,3.79,4.25,-0.4534,,3206.6003,11.1349,3.79,-1.11349,0.8304,0.23,0.8214,0.9732,0.2143,0.7668,S2,Crecimiento,Moderada
2019-08,M11,"Gobierno, educación y salud",4.7292,3.75,4.25,-1.1888,,3410.729,15.2793,3.75,-1.52793,0.5268,0.22,0.8304,0.9732,0.1339,0.723,S2,Crecimiento,Moderada
2019-09,M11,"Gobierno, educación y salud",5.4497,3.82,4.25,6.3576,,3399.457,12.054,3.82,-1.2054,0.6518,0.69,0.8036,0.9732,0.1875,0.7949,S2,Crecimiento,Moderada
2019-10,M11,"Gobierno, educación y salud",4.258,3.86,4.25,2.2338,,3433.3116,11.2966,3.86,-1.12966,0.4643,0.44,0.7768,0.9732,0.2054,0.7292,S2,Crecimiento,Moderada
2019-11,M11,"Gobierno, educación y salud",4.9675,3.84,4.25,4.196,,3401.473,6.4946,3.84,-0.64946,0.5536,0.57,0.7857,0.9732,0.3482,0.7688,S2,Crecimiento,Moderada
2019-12,M11,"Gobierno, educación y salud",4.2391,3.8,4.25,-4.7556,,3378.0506,4.9556,3.8,-0.49556,0.4464,0.08,0.8125,0.9732,0.3929,0.702,S2,Crecimiento,Moderada
2020-01,M11,"Gobierno, educación y salud",1.0971,3.62,4.25,1.261,,3311.1894,4.6127,3.62,-0.46127000000000007,0.1607,0.37,0.8393,0.9732,0.4018,0.7101,S2,Crecimiento,Moderada
2020-02,M11,"Gobierno, educación y salud",0.0317,3.72,4.25,-2.6725,,3411.0528,9.4746,3.72,-0.9474600000000001,0.1161,0.15,0.8304,0.9732,0.2768,0.6659,S2,Crecimiento,Moderada
2020-03,M11,"Gobierno, educación y salud",3.0382,3.86,4.2177,-8.6996,,3877.0484,23.9195,3.86,-2.39195,0.3036,0.0,0.7768,0.9732,0.0446,0.6418,S2,Crecimiento,Moderada
2020-04,M11,"Gobierno, educación y salud",-2.6568,3.51,3.75,-12.098041919811196,,3977.3933,26.0358,3.51,-2.60358,0.0536,0.0,0.8393,0.9911,0.0268,0.6337,S2,Crecimiento,Moderada
2020-05,M11,"Gobierno, educación y salud",-3.1852,2.85,3.2984,-12.098041919811196,,3858.1916,16.7559,2.85,-1.6755900000000001,0.0446,0.0,1.0,0.9911,0.1161,0.6901,S2,Crecimiento,Moderada
2020-06,M11,"Gobierno, educación y salud",-1.9099,2.19,2.75,-12.098041919811196,,3701.6043,13.5281,2.19,-1.35281,0.0625,0.0,1.0,1.0,0.1696,0.6985,S2,Crecimiento,Moderada
2020-07,M11,"Gobierno, educación y salud",-1.6602,1.97,2.5,-12.098041919811196,,3657.8668,14.0731,1.97,-1.40731,0.0625,0.0,1.0,1.0,0.1607,0.698,S2,Crecimiento,Moderada
2020-08,M11,"Gobierno, educación y salud",-1.7542,1.88,2.2661,-10.8776,,3783.0258,10.9155,1.88,-1.09155,0.0625,0.0,1.0,1.0,0.2321,0.7019,S2,Crecimiento,Moderada
2020-09,M11,"Gobierno, educación y salud",-0.8333,1.97,1.975,-12.098041919811196,,3750.2153,10.3181,1.97,-1.03181,0.0804,0.0,1.0,1.0,0.2589,0.7058,S2,Crecimiento,Moderada
2020-10,M11,"Gobierno, educación y salud",1.8137,1.75,1.75,-8.7457,,3833.7884,11.6644,1.75,-1.1664400000000001,0.1786,0.0,1.0,1.0,0.1964,0.7157,S2,Crecimiento,Moderada
2020-11,M11,"Gobierno, educación y salud",4.4646,1.49,1.75,-3.1388,,3685.6267,8.3538,1.49,-0.83538,0.5179,0.14,1.0,1.0,0.3125,0.7862,S2,Crecimiento,Moderada
2020-12,M11,"Gobierno, educación y salud",5.3687,1.61,1.75,-3.3654,,3466.1271,2.6073,1.61,-0.26073,0.6429,0.14,1.0,1.0,0.4464,0.8103,S1,Aceleración,Baja
2021-01,M11,"Gobierno, educación y salud",8.0214,1.6,1.75,12.5511,,3491.3216,5.4401,1.6,-0.54401,0.9018,0.97,1.0,1.0,0.375,0.9491,S1,Aceleración,Baja
2021-02,M11,"Gobierno, educación y salud",6.5133,1.56,1.75,11.5648,,3554.5043,4.2055,1.56,-0.42055,0.8036,0.96,1.0,1.0,0.4196,0.9369,S1,Aceleración,Baja
2021-03,M11,"Gobierno, educación y salud",6.32,1.51,1.75,0.7051,,3612.7684,-6.8165,1.51,0.68165,0.7679,0.31,1.0,1.0,0.7143,0.8637,S1,Aceleración,Baja
2021-04,M11,"Gobierno, educación y salud",11.7968,1.95,1.75,18.135331919811197,,3650.776,-8.2118,1.95,0.82118,0.9732,1.0,1.0,1.0,0.7321,0.9819,S1,Aceleración,Baja
2021-05,M11,"Gobierno, educación y salud",9.4376,3.3,1.75,18.135331919811197,,3735.6661,-3.1757,3.3,0.31757,0.9375,1.0,0.8839,1.0,0.6339,0.9337,S1,Aceleración,Baja
2021-06,M11,"Gobierno, educación y salud",8.9456,3.63,1.75,14.0813,,3685.0427,-0.4474,3.63,0.04474,0.9375,1.0,0.8393,1.0,0.5357,0.9137,S1,Aceleración,Baja
2021-07,M11,"Gobierno, educación y salud",8.2931,3.97,1.75,18.135331919811197,,3829.4181,4.6899,3.97,-0.46899,0.9286,1.0,0.7589,1.0,0.4018,0.8789,S1,Aceleración,Baja
2021-08,M11,"Gobierno, educación y salud",7.7026,4.44,1.75,6.9919,,3881.1835,2.5947,4.44,-0.25947000000000003,0.8929,0.77,0.6786,1.0,0.4464,0.8203,S1,Aceleración,Baja
2021-09,M11,"Gobierno, educación y salud",15.6871,4.51,1.75,14.7716,,3821.5377,1.9018,4.51,-0.19018000000000002,0.9911,1.0,0.6696,1.0,0.4554,0.861,S1,Aceleración,Baja
2021-10,M11,"Gobierno, educación y salud",6.8389,4.58,2.0,8.3648,,3773.3842,-1.5756,4.58,0.15756,0.8571,0.87,0.6607,1.0,0.5804,0.8298,S1,Aceleración,Baja
2021-11,M11,"Gobierno, educación y salud",6.803,5.26,2.4833,8.5001,,3902.901,5.8952,5.26,-0.58952,0.8482,0.88,0.5089,1.0,0.375,0.7689,S2,Crecimiento,Moderada
2021-12,M11,"Gobierno, educación y salud",5.5671,5.62,2.6935,10.2289,,3963.1335,14.339,5.62,-1.4339000000000002,0.6875,0.94,0.4286,1.0,0.1518,0.7165,S2,Crecimiento,Moderada
2022-01,M11,"Gobierno, educación y salud",2.3751,6.94,3.0323,2.85,,3999.6161,14.5588,6.94,-1.45588,0.2411,0.46,0.3482,1.0,0.1429,0.5669,S3,Estabilidad,Moderada
2022-02,M11,"Gobierno, educación y salud",4.4013,8.01,4.0,-3.0392,,3935.8357,10.7281,8.01,-1.07281,0.5,0.14,0.25,0.9911,0.2321,0.53,S3,Estabilidad,Moderada
2022-03,M11,"Gobierno, educación y salud",2.8426,8.53,4.0,12.648,,3807.171,5.381,8.53,-0.5381,0.2857,0.97,0.2143,0.9911,0.375,0.6044,S2,Crecimiento,Moderada
2022-04,M11,"Gobierno, educación y salud",8.0612,9.23,5.0,3.3115,,3792.982,3.8952,9.23,-0.38952000000000003,0.9107,0.49,0.1786,0.6518,0.4286,0.4986,S3,Estabilidad,Moderada
2022-05,M11,"Gobierno, educación y salud",5.9127,9.07,5.9677,7.9649,,4019.0794,7.5867,9.07,-0.7586700000000001,0.7232,0.82,0.1875,0.5804,0.3125,0.4874,S3,Estabilidad,Moderada
2022-06,M11,"Gobierno, educación y salud",2.224,9.67,6.0,7.0187,,3930.7667,6.6681,9.67,-0.66681,0.2054,0.77,0.1607,0.5714,0.3393,0.4001,S3,Estabilidad,Moderada
2022-07,M11,"Gobierno, educación y salud",1.057,10.21,7.5,11.2463,,4367.8058,14.0593,10.21,-1.4059300000000001,0.1518,0.95,0.1429,0.4732,0.1607,0.3661,S4,Decrecimiento,Media
2022-08,M11,"Gobierno, educación y salud",1.597,10.84,9.0,12.1485,,4322.4694,11.3699,10.84,-1.13699,0.1696,0.96,0.125,0.4018,0.1964,0.3406,S4,Decrecimiento,Media
2022-09,M11,"Gobierno, educación y salud",-5.8946,11.44,9.0333,3.9219,,4433.651,16.0175,11.44,-1.60175,0.0089,0.55,0.0982,0.3929,0.1161,0.2495,S4,Decrecimiento,Media
2022-10,M11,"Gobierno, educación y salud",-1.4184,12.22,10.0323,6.4366,,4711.8303,24.8701,12.22,-2.48701,0.0625,0.7,0.0714,0.25,0.0357,0.2126,S4,Decrecimiento,Media
2022-11,M11,"Gobierno, educación y salud",-4.2375,12.53,11.0,3.6682,,4926.6607,26.2307,12.53,-2.6230700000000002,0.0268,0.51,0.0536,0.1964,0.0179,0.1575,S5,Contracción,Alta
2022-12,M11,"Gobierno, educación y salud",-2.2674,13.12,11.4194,8.4508,,4788.4906,20.8259,13.12,-2.08259,0.0536,0.87,0.0357,0.1696,0.0714,0.1953,S5,Contracción,Alta
2023-01,M11,"Gobierno, educación y salud",-0.1341,13.25,12.0484,-8.6944,,4715.2039,17.8914,13.25,-1.7891400000000002,0.0982,0.0,0.0268,0.1429,0.0982,0.0778,S5,Contracción,Alta
2023-02,M11,"Gobierno, educación y salud",-0.188,13.28,12.75,-0.3839,,4803.1125,22.0354,13.28,-2.20354,0.0893,0.24,0.0179,0.1161,0.0536,0.0929,S5,Contracción,Alta
2023-03,M11,"Gobierno, educación y salud",2.2535,13.34,12.7581,6.8594,,4766.3058,25.1928,13.34,-2.51928,0.2143,0.76,0.0089,0.0982,0.0268,0.1665,S5,Contracción,Alta
2023-04,M11,"Gobierno, educación y salud",-3.2953,12.82,13.0,4.3965,,4542.6743,19.7652,12.82,-1.97652,0.0357,0.59,0.0446,0.0893,0.0804,0.1317,S5,Contracción,Alta
2023-05,M11,"Gobierno, educación y salud",2.6201,12.36,13.2419,-4.7043,,4540.089,12.9634,12.36,-1.29634,0.2679,0.09,0.0625,0.0625,0.1696,0.0997,S5,Contracción,Alta
2023-06,M11,"Gobierno, educación y salud",15.4127,12.13,13.25,10.4266,,4209.268,7.0852,12.13,-0.70852,0.9821,0.94,0.0804,0.0536,0.3304,0.3181,S4,Decrecimiento,Media
2023-07,M11,"Gobierno, educación y salud",9.5533,11.78,13.25,0.76,,4069.2335,-6.8358,11.78,0.6835800000000001,0.9375,0.31,0.0893,0.0536,0.7143,0.2541,S4,Decrecimiento,Media
2023-08,M11,"Gobierno, educación y salud",7.7069,11.43,13.25,6.6587,,4070.7252,-5.8241,11.43,0.58241,0.8929,0.72,0.1071,0.0536,0.6875,0.3055,S4,Decrecimiento,Media
2023-09,M11,"Gobierno, educación y salud",5.4718,10.99,13.25,9.0263,,4004.5207,-9.6789,10.99,0.9678900000000001,0.6607,0.91,0.1161,0.0536,0.7411,0.3045,S4,Decrecimiento,Media
2023-10,M11,"Gobierno, educación y salud",5.9753,10.48,13.25,7.2264,,4222.4332,-10.3866,10.48,1.03866,0.7321,0.78,0.1339,0.0536,0.7679,0.3046,S4,Decrecimiento,Media
2023-11,M11,"Gobierno, educación y salud",10.1451,10.15,13.25,0.3445,,4038.8047,-18.0215,10.15,1.8021500000000001,0.9464,0.28,0.1518,0.0536,0.9732,0.2859,S4,Decrecimiento,Media
2023-12,M11,"Gobierno, educación y salud",4.2631,9.28,13.1532,0.6593,,3948.2068,-17.548,9.28,1.7548,0.4732,0.3,0.1696,0.0714,0.9643,0.2359,S4,Decrecimiento,Media
2024-01,M11,"Gobierno, educación y salud",6.4947,8.35,13.0,7.7581,,3915.1987,-16.9665,8.35,1.69665,0.7946,0.81,0.2232,0.0893,0.9554,0.369,S4,Decrecimiento,Media
2024-02,M11,"Gobierno, educación y salud",5.3037,7.74,12.75,3.3871,,3931.4386,-18.1481,7.74,1.81481,0.6339,0.5,0.2768,0.1161,0.9821,0.3355,S4,Decrecimiento,Media
2024-03,M11,"Gobierno, educación y salud",5.2676,7.36,12.6532,-2.6628,,3899.3413,-18.1894,7.36,1.81894,0.625,0.15,0.3036,0.125,0.9911,0.3014,S4,Decrecimiento,Media
2024-04,M11,"Gobierno, educación y salud",15.7791,7.16,12.25,1.7409,,3867.9753,-14.8525,7.16,1.48525,0.9911,0.4,0.3393,0.1339,0.8304,0.3897,S4,Decrecimiento,Media
2024-05,M11,"Gobierno, educación y salud",7.6364,7.16,11.7661,3.689,,3869.1006,-14.7792,7.16,1.4779200000000001,0.875,0.53,0.3393,0.1518,0.8214,0.3966,S4,Decrecimiento,Media
2024-06,M11,"Gobierno, educación y salud",-9.4823,7.18,11.75,-6.0356,,4042.797,-3.9549,7.18,0.39549,0.0,0.02,0.3214,0.1607,0.6518,0.1999,S5,Contracción,Alta
2024-07,M11,"Gobierno, educación y salud",0.006,6.86,11.2661,6.0357,,4036.9219,-0.794,6.86,0.07940000000000001,0.1071,0.67,0.3571,0.1786,0.5625,0.3118,S4,Decrecimiento,Media
2024-08,M11,"Gobierno, educación y salud",0.6906,6.12,10.75,-2.4893,,4065.5465,-0.1272,6.12,0.012720000000000002,0.125,0.16,0.3929,0.2143,0.5089,0.2697,S4,Decrecimiento,Media
2024-09,M11,"Gobierno, educación y salud",3.2599,5.81,10.75,-1.5837,,4182.5123,4.4448,5.81,-0.44448,0.3125,0.2,0.4196,0.2143,0.4018,0.3033,S4,Decrecimiento,Media
2024-10,M11,"Gobierno, educación y salud",6.4148,5.41,10.25,-3.7496,,4249.47,0.6403,5.41,-0.06403,0.7679,0.13,0.4643,0.2321,0.4821,0.3813,S4,Decrecimiento,Media
2024-11,M11,"Gobierno, educación y salud",2.0811,5.2,9.75,6.7346,,4408.6523,9.1574,5.2,-0.9157400000000001,0.1964,0.75,0.5357,0.2589,0.2768,0.4059,S3,Estabilidad,Moderada
2024-12,M11,"Gobierno, educación y salud",7.6425,5.2,9.6774,3.9725,,4385.1487,11.0668,5.2,-1.10668,0.8839,0.56,0.5357,0.2679,0.2232,0.4748,S3,Estabilidad,Moderada
2025-01,M11,"Gobierno, educación y salud",3.9951,5.22,9.5,5.7585,,4307.5674,10.0217,5.22,-1.00217,0.4107,0.64,0.5179,0.3036,0.2589,0.4296,S3,Estabilidad,Moderada
2025-02,M11,"Gobierno, educación y salud",3.309,5.28,9.5,8.2859,,4127.9539,4.9986,5.28,-0.49985999999999997,0.3393,0.86,0.5089,0.3036,0.3839,0.4522,S3,Estabilidad,Moderada
2025-03,M11,"Gobierno, educación y salud",3.3908,5.09,9.5,-5.4271,,4137.6845,6.1124,5.09,-0.61124,0.3571,0.05,0.5982,0.3036,0.3571,0.3776,S4,Decrecimiento,Media
2025-04,M11,"Gobierno, educación y salud",-5.3183,5.16,9.5,8.2656,,4280.258,10.6589,5.16,-1.06589,0.0179,0.84,0.5625,0.3036,0.2411,0.4159,S3,Estabilidad,Moderada
2025-05,M11,"Gobierno, educación y salud",1.0334,5.05,9.2581,1.824,,4203.3771,8.6396,5.05,-0.8639600000000001,0.1429,0.41,0.6071,0.3125,0.2946,0.3979,S4,Decrecimiento,Media
2025-06,M11,"Gobierno, educación y salud",7.3344,4.82,9.25,9.0069,,4113.485,1.7485,4.82,-0.17485,0.8661,0.9,0.625,0.3839,0.4554,0.5992,S3,Estabilidad,Moderada
2025-07,M11,"Gobierno, educación y salud",12.2714,4.9,9.25,-1.8555,,4040.8484,0.0973,4.9,-0.00973,0.9732,0.18,0.6161,0.3839,0.4911,0.5195,S3,Estabilidad,Moderada
2025-08,M11,"Gobierno, educación y salud",5.5111,5.1,9.25,5.1129,,4047.4116,-0.4461,5.1,0.044610000000000004,0.6696,0.62,0.5804,0.3839,0.5268,0.5255,S3,Estabilidad,Moderada
2025-09,M11,"Gobierno, educación y salud",5.5681,5.18,9.25,6.6852,,3922.212,-6.2235,5.18,0.62235,0.6875,0.73,0.5536,0.3839,0.7054,0.543,S3,Estabilidad,Moderada
2025-10,M11,"Gobierno, educación y salud",3.822,5.51,9.25,6.3069,,3877.8448,-8.7452,5.51,0.8745200000000001,0.375,0.68,0.4464,0.3839,0.7321,0.4603,S3,Estabilidad,Moderada
2025-11,M11,"Gobierno, educación y salud",3.8924,5.3,9.25,1.4402,,3786.1833,-14.1193,5.3,1.4119300000000001,0.3929,0.38,0.4911,0.3839,0.8036,0.4424,S3,Estabilidad,Moderada
2025-12,M11,"Gobierno, educación y salud",4.1977,5.1,9.25,4.3584,,3791.4719,-13.5384,5.1,1.35384,0.4196,0.58,0.5804,0.3839,0.7857,0.5003,S3,Estabilidad,Moderada
2026-01,M11,"Gobierno, educación y salud",4.3062,5.35,9.25,6.7181,,3702.999,-14.035,5.35,1.4035000000000002,0.4911,0.74,0.4821,0.3839,0.7946,0.4989,S3,Estabilidad,Moderada
2026-02,M11,"Gobierno, educación y salud",6.5761,5.29,10.2143,8.5603,,3675.6414,-10.9573,5.29,1.09573,0.8214,0.88,0.5,0.2411,0.7768,0.5165,S3,Estabilidad,Moderada
2026-03,M11,"Gobierno, educación y salud",6.5418,5.56,10.25,13.8834,,3717.5574,-10.1537,5.56,1.01537,0.8036,0.98,0.4375,0.2321,0.7589,0.5023,S3,Estabilidad,Moderada
2026-04,M11,"Gobierno, educación y salud",6.5418,5.09,11.25,13.8834,,3617.5187,-15.4836,5.09,1.54836,0.8036,0.98,0.5982,0.1875,0.8393,0.5437,S3,Estabilidad,Moderada
2015-01,M12,Arte y recreación,1.1889,3.82,4.5,,,2397.2581,-15.4836,3.82,-3.09672,0.1161,,0.8036,0.7857,0.0446,0.6422,S2,Crecimiento,Moderada
2015-02,M12,Arte y recreación,3.0535,4.36,4.5,,,2420.6725,-15.4836,4.36,-3.09672,0.2411,,0.7143,0.7857,0.0446,0.628,S2,Crecimiento,Moderada
2015-03,M12,Arte y recreación,2.7997,4.56,4.5,,,2585.3623,-15.4836,4.56,-3.09672,0.2143,,0.6696,0.7857,0.0446,0.607,S2,Crecimiento,Moderada
2015-04,M12,Arte y recreación,4.7676,4.64,4.5,,,2505.248,-15.4836,4.64,-3.09672,0.3661,,0.6607,0.7857,0.0446,0.6273,S2,Crecimiento,Moderada
2015-05,M12,Arte y recreación,5.163,4.41,4.5,,,2437.5352,-15.4836,4.41,-3.09672,0.4107,,0.6964,0.7857,0.0446,0.6477,S2,Crecimiento,Moderada
2015-06,M12,Arte y recreación,4.595,4.42,4.5,,,2562.4777,-15.4836,4.42,-3.09672,0.3482,,0.6875,0.7857,0.0446,0.6346,S2,Crecimiento,Moderada
2015-07,M12,Arte y recreación,5.227,4.46,4.5,,,2732.0358,-15.4836,4.46,-3.09672,0.4196,,0.6786,0.7857,0.0446,0.6424,S2,Crecimiento,Moderada
2015-08,M12,Arte y recreación,4.6018,4.74,4.5,,,3012.5874,-15.4836,4.74,-3.09672,0.3571,,0.6339,0.7857,0.0446,0.6157,S2,Crecimiento,Moderada
2015-09,M12,Arte y recreación,3.0972,5.35,4.525,,,3066.408,-15.4836,5.35,-3.09672,0.2589,,0.4821,0.6964,0.0446,0.507,S3,Estabilidad,Moderada
2015-10,M12,Arte y recreación,4.0991,5.89,4.75,,,2929.4723,-15.4836,5.89,-3.09672,0.3125,,0.4107,0.6786,0.0446,0.4812,S3,Estabilidad,Moderada
2015-11,M12,Arte y recreación,4.77,6.39,5.225,,,3001.3763,-15.4836,6.39,-3.09672,0.375,,0.3839,0.6429,0.0446,0.4664,S3,Estabilidad,Moderada
2015-12,M12,Arte y recreación,7.5816,6.77,5.5887,,,3244.2016,-15.4836,6.77,-3.09672,0.5625,,0.3661,0.6071,0.0446,0.4744,S3,Estabilidad,Moderada
2016-01,M12,Arte y recreación,5.8249,7.45,5.75,-0.688,,3270.1952,36.414,7.45,7.282800000000001,0.4554,0.3,0.2946,0.5982,0.9821,0.4612,S3,Estabilidad,Moderada
2016-02,M12,Arte y recreación,7.0415,7.59,6.069,1.7306,,3354.9569,38.5961,7.59,7.71922,0.5446,0.49,0.2857,0.5625,0.9911,0.4829,S3,Estabilidad,Moderada
2016-03,M12,Arte y recreación,6.1214,7.98,6.3306,-2.1402,,3128.789,21.0194,7.98,4.203880000000001,0.4732,0.18,0.2589,0.5446,0.9286,0.4146,S3,Estabilidad,Moderada
2016-04,M12,Arte y recreación,6.3957,7.93,6.5,0.5229,,2997.727,19.6579,7.93,3.9315800000000003,0.4911,0.39,0.2679,0.5357,0.9018,0.4426,S3,Estabilidad,Moderada
2016-05,M12,Arte y recreación,6.8971,8.2,6.9919,-10.8297,,2993.5084,22.8088,8.2,4.5617600000000005,0.5357,0.0,0.2321,0.5179,0.9464,0.3825,S4,Decrecimiento,Media
2016-06,M12,Arte y recreación,6.3722,8.6,7.3167,-3.9414,,2992.8587,16.7955,8.6,3.3591,0.4821,0.11,0.2054,0.4911,0.8839,0.3679,S4,Decrecimiento,Media
2016-07,M12,Arte y recreación,4.3041,8.97,7.5,-9.0865,,2960.9997,8.3807,8.97,1.67614,0.3214,0.03,0.1964,0.4732,0.6875,0.3159,S4,Decrecimiento,Media
2016-08,M12,Arte y recreación,4.8495,8.1,7.75,-0.6347,,2952.7668,-1.9857,8.1,-0.39714000000000005,0.3839,0.31,0.2411,0.4375,0.4107,0.3478,S4,Decrecimiento,Media
2016-09,M12,Arte y recreación,6.7271,7.27,7.75,-1.6432,,2924.2653,-4.6355,7.27,-0.9271000000000001,0.5179,0.21,0.3125,0.4375,0.3214,0.3717,S4,Decrecimiento,Media
2016-10,M12,Arte y recreación,4.4831,6.48,7.75,-9.537,,2929.3887,-0.0029,6.48,-0.00058,0.3393,0.02,0.375,0.4375,0.4911,0.3525,S4,Decrecimiento,Media
2016-11,M12,Arte y recreación,4.0358,5.96,7.75,-0.7739,,3110.2587,3.6277,5.96,0.7255400000000001,0.3036,0.29,0.4018,0.4375,0.5536,0.3948,S4,Decrecimiento,Media
2016-12,M12,Arte y recreación,3.6457,5.75,7.6452,10.8384,,3009.8639,-7.2233,5.75,-1.44466,0.2857,0.87,0.4286,0.4464,0.2679,0.464,S3,Estabilidad,Moderada
2017-01,M12,Arte y recreación,3.3042,5.47,7.5,3.9179,,2941.3994,-10.0543,5.47,-2.01086,0.2679,0.62,0.4554,0.4732,0.2411,0.446,S3,Estabilidad,Moderada
2017-02,M12,Arte y recreación,4.9926,5.18,7.4821,-0.8214,,2879.5668,-14.1698,5.18,-2.8339600000000003,0.3929,0.28,0.5536,0.4821,0.1786,0.4509,S3,Estabilidad,Moderada
2017-03,M12,Arte y recreación,1.8691,4.69,7.2097,-1.4587,,2942.2861,-5.9609,4.69,-1.19218,0.1518,0.22,0.6429,0.5,0.2946,0.4523,S3,Estabilidad,Moderada
2017-04,M12,Arte y recreación,0.4039,4.66,7.0,-0.1108,,2877.8217,-3.9999,4.66,-0.79998,0.0804,0.34,0.6518,0.5089,0.3304,0.4662,S3,Estabilidad,Moderada
2017-05,M12,Arte y recreación,1.9153,4.37,6.5,-4.5723,,2923.6129,-2.3349,4.37,-0.46698000000000006,0.1607,0.1,0.7054,0.5357,0.3839,0.4759,S3,Estabilidad,Moderada
2017-06,M12,Arte y recreación,1.5845,3.99,6.25,9.6286,,2957.0983,-1.1949,3.99,-0.23898000000000003,0.1339,0.79,0.75,0.5536,0.4196,0.5845,S3,Estabilidad,Moderada
2017-07,M12,Arte y recreación,2.7382,3.4,5.7661,4.4915,,3036.5839,2.5527,3.4,0.5105400000000001,0.1964,0.63,0.8571,0.5893,0.5446,0.6268,S2,Crecimiento,Moderada
2017-08,M12,Arte y recreación,2.2728,3.87,5.5,-4.7128,,2973.2048,0.6922,3.87,0.13844,0.1786,0.09,0.7679,0.6161,0.5179,0.5331,S3,Estabilidad,Moderada
2017-09,M12,Arte y recreación,-0.3254,3.97,5.25,1.6491,,2917.085,-0.2455,3.97,-0.049100000000000005,0.0536,0.47,0.7589,0.625,0.4732,0.5632,S3,Estabilidad,Moderada
2017-10,M12,Arte y recreación,1.8218,4.05,5.2339,-1.093,,2953.7558,0.8318,4.05,0.16636,0.1429,0.23,0.7411,0.6339,0.5268,0.5444,S3,Estabilidad,Moderada
2017-11,M12,Arte y recreación,1.2428,4.12,4.9667,0.6724,,3013.4667,-3.112,4.12,-0.6224000000000001,0.125,0.42,0.7232,0.6607,0.3661,0.5615,S3,Estabilidad,Moderada
2017-12,M12,Arte y recreación,3.4949,4.09,4.75,-0.945,,2991.7619,-0.6014,4.09,-0.12028000000000001,0.2768,0.25,0.7321,0.6786,0.4464,0.5736,S3,Estabilidad,Moderada
2018-01,M12,Arte y recreación,0.3252,3.68,4.7339,-1.8281,,2868.5723,-2.4759,3.68,-0.49518000000000006,0.0714,0.2,0.8393,0.6875,0.375,0.5738,S3,Estabilidad,Moderada
2018-02,M12,Arte y recreación,-4.1229,3.37,4.5,-5.6581,,2860.2529,-0.6707,3.37,-0.13414,0.0179,0.06,0.8661,0.7857,0.4375,0.5952,S3,Estabilidad,Moderada
2018-03,M12,Arte y recreación,-1.9553,3.14,4.5,3.6988,,2847.9306,-3.2069,3.14,-0.6413800000000001,0.0357,0.6,0.9643,0.7857,0.3571,0.6954,S2,Crecimiento,Moderada
2018-04,M12,Arte y recreación,1.1754,3.13,4.4917,-0.8546,,2766.285,-3.8757,3.13,-0.77514,0.1071,0.26,0.9732,0.7946,0.3482,0.6666,S2,Crecimiento,Moderada
2018-05,M12,Arte y recreación,1.0532,3.16,4.25,9.8789,,2861.8258,-2.1134,3.16,-0.42268,0.0982,0.82,0.9464,0.9732,0.4018,0.795,S2,Crecimiento,Moderada
2018-06,M12,Arte y recreación,2.8076,3.2,4.25,-3.05,,2889.689,-2.2796,3.2,-0.45592,0.2232,0.15,0.9286,0.9732,0.3929,0.7189,S2,Crecimiento,Moderada
2018-07,M12,Arte y recreación,0.7412,3.12,4.25,7.5456,,2885.3219,-4.9813,3.12,-0.99626,0.0893,0.74,0.9821,0.9732,0.3125,0.7904,S2,Crecimiento,Moderada
2018-08,M12,Arte y recreación,3.0879,3.1,4.25,5.4789,,2958.6668,-0.489,3.1,-0.0978,0.25,0.67,0.9911,0.9732,0.4554,0.8138,S1,Aceleración,Baja
2018-09,M12,Arte y recreación,2.7465,3.23,4.25,2.8986,,3033.768,4.0,3.23,0.8,0.2054,0.57,0.9107,0.9732,0.5714,0.7746,S2,Crecimiento,Moderada
2018-10,M12,Arte y recreación,6.6186,3.33,4.25,-0.276,,3084.831,4.4376,3.33,0.88752,0.5089,0.33,0.875,0.9732,0.5804,0.7735,S2,Crecimiento,Moderada
2018-11,M12,Arte y recreación,6.8444,3.27,4.25,4.8877,,3194.0343,5.992,3.27,1.1984000000000001,0.5268,0.64,0.8929,0.9732,0.625,0.8243,S1,Aceleración,Baja
2018-12,M12,Arte y recreación,8.144,3.18,4.25,1.1334,,3218.551,7.5805,3.18,1.5161,0.5804,0.44,0.9375,0.9732,0.6696,0.8228,S1,Aceleración,Baja
2019-01,M12,Arte y recreación,10.175,3.15,4.25,9.4368,,3165.1881,10.3402,3.15,2.06804,0.6339,0.78,0.9554,0.9732,0.7411,0.8838,S1,Aceleración,Baja
2019-02,M12,Arte y recreación,11.1105,3.01,4.25,11.7734,,3115.8386,8.9358,3.01,1.78716,0.6518,0.89,1.0,0.9732,0.7054,0.9132,S1,Aceleración,Baja
2019-03,M12,Arte y recreación,16.4939,3.21,4.25,9.8175,,3128.6842,9.8582,3.21,1.97164,0.8482,0.8,0.9196,0.9732,0.7232,0.9027,S1,Aceleración,Baja
2019-04,M12,Arte y recreación,15.2762,3.25,4.25,6.2119,,3155.765,14.0795,3.25,2.8159,0.8125,0.71,0.9018,0.9732,0.8393,0.8867,S1,Aceleración,Baja
2019-05,M12,Arte y recreación,15.1175,3.31,4.25,-8.2206,,3304.4945,15.4681,3.31,3.09362,0.8036,0.05,0.8839,0.9732,0.8661,0.7955,S2,Crecimiento,Moderada
2019-06,M12,Arte y recreación,13.2398,3.43,4.25,7.7419,,3260.517,12.8328,3.43,2.5665600000000004,0.7321,0.76,0.8482,0.9732,0.8125,0.8632,S1,Aceleración,Baja
2019-07,M12,Arte y recreación,15.583,3.79,4.25,2.1919,,3206.6003,11.1349,3.79,2.22698,0.8214,0.55,0.8214,0.9732,0.7768,0.8374,S1,Aceleración,Baja
2019-08,M12,Arte y recreación,12.2078,3.75,4.25,2.0772,,3410.729,15.2793,3.75,3.05586,0.6964,0.54,0.8304,0.9732,0.8571,0.8264,S1,Aceleración,Baja
2019-09,M12,Arte y recreación,11.2154,3.82,4.25,-3.9388,,3399.457,12.054,3.82,2.4108,0.6607,0.12,0.8036,0.9732,0.8036,0.7555,S2,Crecimiento,Moderada
2019-10,M12,Arte y recreación,16.0853,3.86,4.25,9.8255,,3433.3116,11.2966,3.86,2.25932,0.8393,0.81,0.7768,0.9732,0.7857,0.8593,S1,Aceleración,Baja
2019-11,M12,Arte y recreación,11.9183,3.84,4.25,-8.2366,,3401.473,6.4946,3.84,1.29892,0.6875,0.04,0.7857,0.9732,0.6429,0.7342,S2,Crecimiento,Moderada
2019-12,M12,Arte y recreación,8.4955,3.8,4.25,-2.2106,,3378.0506,4.9556,3.8,0.99112,0.5982,0.17,0.8125,0.9732,0.5982,0.7453,S2,Crecimiento,Moderada
2020-01,M12,Arte y recreación,8.7154,3.62,4.25,-1.0387,,3311.1894,4.6127,3.62,0.9225400000000001,0.6071,0.24,0.8393,0.9732,0.5982,0.7644,S2,Crecimiento,Moderada
2020-02,M12,Arte y recreación,14.9502,3.72,4.25,-2.639,,3411.0528,9.4746,3.72,1.8949200000000002,0.7946,0.16,0.8304,0.9732,0.7232,0.7833,S2,Crecimiento,Moderada
2020-03,M12,Arte y recreación,-11.7248,3.86,4.2177,-16.822630801793277,,3877.0484,23.9195,3.86,4.7839,0.0,0.0,0.7768,0.9732,0.9554,0.6497,S2,Crecimiento,Moderada
2020-04,M12,Arte y recreación,-39.4923,3.51,3.75,-16.3717,,3977.3933,26.0358,3.51,5.20716,0.0,0.0,0.8393,0.9911,0.9732,0.6775,S2,Crecimiento,Moderada
2020-05,M12,Arte y recreación,-36.3738,2.85,3.2984,-10.7233,,3858.1916,16.7559,2.85,3.3511800000000003,0.0,0.01,1.0,0.9911,0.8839,0.7267,S2,Crecimiento,Moderada
2020-06,M12,Arte y recreación,-26.9258,2.19,2.75,-16.822630801793277,,3701.6043,13.5281,2.19,2.70562,0.0,0.0,1.0,1.0,0.8304,0.7257,S2,Crecimiento,Moderada
2020-07,M12,Arte y recreación,-18.8969,1.97,2.5,-16.822630801793277,,3657.8668,14.0731,1.97,2.81462,0.0,0.0,1.0,1.0,0.8393,0.7261,S2,Crecimiento,Moderada
2020-08,M12,Arte y recreación,-10.1051,1.88,2.2661,-15.964,,3783.0258,10.9155,1.88,2.1831,0.0,0.0,1.0,1.0,0.7679,0.7223,S2,Crecimiento,Moderada
2020-09,M12,Arte y recreación,-4.3811,1.97,1.975,-12.6464,,3750.2153,10.3181,1.97,2.06362,0.0179,0.0,1.0,1.0,0.7411,0.7233,S2,Crecimiento,Moderada
2020-10,M12,Arte y recreación,-10.0904,1.75,1.75,-9.3455,,3833.7884,11.6644,1.75,2.3328800000000003,0.0,0.03,1.0,1.0,0.8036,0.7281,S2,Crecimiento,Moderada
2020-11,M12,Arte y recreación,-3.9393,1.49,1.75,-8.7067,,3685.6267,8.3538,1.49,1.67076,0.0268,0.04,1.0,1.0,0.6875,0.7268,S2,Crecimiento,Moderada
2020-12,M12,Arte y recreación,-1.6311,1.61,1.75,-14.9951,,3466.1271,2.6073,1.61,0.52146,0.0446,0.0,1.0,1.0,0.5536,0.7168,S2,Crecimiento,Moderada
2021-01,M12,Arte y recreación,3.1788,1.6,1.75,-16.822630801793277,,3491.3216,5.4401,1.6,1.08802,0.2679,0.0,1.0,1.0,0.625,0.7509,S2,Crecimiento,Moderada
2021-02,M12,Arte y recreación,-1.7808,1.56,1.75,-14.004,,3554.5043,4.2055,1.56,0.8411,0.0446,0.0,1.0,1.0,0.5804,0.7182,S2,Crecimiento,Moderada
2021-03,M12,Arte y recreación,29.9484,1.51,1.75,0.0,,3612.7684,-6.8165,1.51,-1.3633,0.9554,0.35,1.0,1.0,0.2857,0.8713,S1,Aceleración,Baja
2021-04,M12,Arte y recreación,85.8439,1.95,1.75,0.0,,3650.776,-8.2118,1.95,-1.64236,1.0,0.35,1.0,1.0,0.2679,0.8764,S1,Aceleración,Baja
2021-05,M12,Arte y recreación,82.9603,3.3,1.75,0.0,,3735.6661,-3.1757,3.3,-0.63514,1.0,0.35,0.8839,1.0,0.3661,0.8435,S1,Aceleración,Baja
2021-06,M12,Arte y recreación,63.0551,3.63,1.75,0.0,,3685.0427,-0.4474,3.63,-0.08948,1.0,0.35,0.8393,1.0,0.4643,0.8342,S1,Aceleración,Baja
2021-07,M12,Arte y recreación,46.6703,3.97,1.75,0.0,,3829.4181,4.6899,3.97,0.93798,1.0,0.35,0.7589,1.0,0.5982,0.815,S1,Aceleración,Baja
2021-08,M12,Arte y recreación,23.8636,4.44,1.75,0.1932,,3881.1835,2.5947,4.44,0.5189400000000001,0.9196,0.35,0.6786,1.0,0.5536,0.7753,S2,Crecimiento,Moderada
2021-09,M12,Arte y recreación,34.734,4.51,1.75,0.0,,3821.5377,1.9018,4.51,0.38036000000000003,0.9732,0.35,0.6696,1.0,0.5446,0.7792,S2,Crecimiento,Moderada
2021-10,M12,Arte y recreación,30.3368,4.58,2.0,-10.4975,,3773.3842,-1.5756,4.58,-0.31512,0.9643,0.01,0.6607,1.0,0.4196,0.7243,S2,Crecimiento,Moderada
2021-11,M12,Arte y recreación,29.4539,5.26,2.4833,3.139,,3902.901,5.8952,5.26,1.17904,0.9554,0.58,0.5089,1.0,0.625,0.7581,S2,Crecimiento,Moderada
2021-12,M12,Arte y recreación,35.4799,5.62,2.6935,9.3971,,3963.1335,14.339,5.62,2.8678000000000003,0.9821,0.78,0.4286,1.0,0.8482,0.7733,S2,Crecimiento,Moderada
2022-01,M12,Arte y recreación,29.2448,6.94,3.0323,1.0354,,3999.6161,14.5588,6.94,2.91176,0.9464,0.43,0.3482,1.0,0.8482,0.6967,S2,Crecimiento,Moderada
2022-02,M12,Arte y recreación,26.5825,8.01,4.0,13.0329,,3935.8357,10.7281,8.01,2.14562,0.9196,0.94,0.25,0.9911,0.7589,0.719,S2,Crecimiento,Moderada
2022-03,M12,Arte y recreación,34.6378,8.53,4.0,6.1682,,3807.171,5.381,8.53,1.0762,0.9643,0.7,0.2143,0.9911,0.6161,0.6745,S2,Crecimiento,Moderada
2022-04,M12,Arte y recreación,23.4784,9.23,5.0,10.0163,,3792.982,3.8952,9.23,0.7790400000000001,0.9107,0.85,0.1786,0.6518,0.5625,0.5524,S3,Estabilidad,Moderada
2022-05,M12,Arte y recreación,30.3084,9.07,5.9677,20.3369,,4019.0794,7.5867,9.07,1.5173400000000001,0.9554,0.98,0.1875,0.5804,0.6786,0.5593,S3,Estabilidad,Moderada
2022-06,M12,Arte y recreación,16.9336,9.67,6.0,18.4841,,3930.7667,6.6681,9.67,1.33362,0.8571,0.97,0.1607,0.5714,0.6518,0.5313,S3,Estabilidad,Moderada
2022-07,M12,Arte y recreación,12.7614,10.21,7.5,6.7578,,4367.8058,14.0593,10.21,2.8118600000000002,0.7143,0.72,0.1429,0.4732,0.8304,0.4487,S3,Estabilidad,Moderada
2022-08,M12,Arte y recreación,27.2418,10.84,9.0,12.4341,,4322.4694,11.3699,10.84,2.27398,0.9286,0.9,0.125,0.4018,0.7946,0.4681,S3,Estabilidad,Moderada
2022-09,M12,Arte y recreación,38.4877,11.44,9.0333,12.5159,,4433.651,16.0175,11.44,3.2035,0.9821,0.92,0.0982,0.3929,0.875,0.4703,S3,Estabilidad,Moderada
2022-10,M12,Arte y recreación,44.128,12.22,10.0323,16.7496,,4711.8303,24.8701,12.22,4.97402,0.9911,0.96,0.0714,0.25,0.9554,0.4219,S3,Estabilidad,Moderada
2022-11,M12,Arte y recreación,34.7782,12.53,11.0,20.8294,,4926.6607,26.2307,12.53,5.2461400000000005,0.9732,0.99,0.0536,0.1964,0.9732,0.3996,S4,Decrecimiento,Media
2022-12,M12,Arte y recreación,18.492,13.12,11.4194,10.9689,,4788.4906,20.8259,13.12,4.16518,0.8661,0.88,0.0357,0.1696,0.9196,0.3526,S4,Decrecimiento,Media
2023-01,M12,Arte y recreación,14.2775,13.25,12.0484,12.4842,,4715.2039,17.8914,13.25,3.5782800000000003,0.7679,0.91,0.0268,0.1429,0.8929,0.3294,S4,Decrecimiento,Media
2023-02,M12,Arte y recreación,15.1023,13.28,12.75,1.3247,,4803.1125,22.0354,13.28,4.40708,0.7946,0.46,0.0179,0.1161,0.9375,0.2647,S4,Decrecimiento,Media
2023-03,M12,Arte y recreación,14.7404,13.34,12.7581,10.3281,,4766.3058,25.1928,13.34,5.03856,0.7857,0.86,0.0089,0.0982,0.9643,0.3075,S4,Decrecimiento,Media
2023-04,M12,Arte y recreación,20.9217,12.82,13.0,3.2537,,4542.6743,19.7652,12.82,3.95304,0.8929,0.58,0.0446,0.0893,0.9107,0.2915,S4,Decrecimiento,Media
2023-05,M12,Arte y recreación,6.452,12.36,13.2419,-10.0221,,4540.089,12.9634,12.36,2.59268,0.5,0.01,0.0625,0.0625,0.8214,0.156,S5,Contracción,Alta
2023-06,M12,Arte y recreación,12.5134,12.13,13.25,5.4647,,4209.268,7.0852,12.13,1.41704,0.7054,0.66,0.0804,0.0536,0.6607,0.2621,S4,Decrecimiento,Media
2023-07,M12,Arte y recreación,12.8264,11.78,13.25,12.5314,,4069.2335,-6.8358,11.78,-1.3671600000000002,0.7232,0.93,0.0893,0.0536,0.2768,0.2817,S4,Decrecimiento,Media
2023-08,M12,Arte y recreación,18.7612,11.43,13.25,6.8529,,4070.7252,-5.8241,11.43,-1.16482,0.875,0.73,0.1071,0.0536,0.3036,0.2837,S4,Decrecimiento,Media
2023-09,M12,Arte y recreación,3.8155,10.99,13.25,8.5212,,4004.5207,-9.6789,10.99,-1.9357800000000003,0.2946,0.77,0.1161,0.0536,0.25,0.2102,S4,Decrecimiento,Media
2023-10,M12,Arte y recreación,-5.5731,10.48,13.25,0.3999,,4222.4332,-10.3866,10.48,-2.07732,0.0089,0.36,0.1339,0.0536,0.2232,0.1227,S5,Contracción,Alta
2023-11,M12,Arte y recreación,14.6747,10.15,13.25,0.6236,,4038.8047,-18.0215,10.15,-3.6043000000000003,0.7768,0.41,0.1518,0.0536,0.0179,0.2282,S4,Decrecimiento,Media
2023-12,M12,Arte y recreación,2.9609,9.28,13.1532,-0.8419,,3948.2068,-17.548,9.28,-3.5096,0.2321,0.27,0.1696,0.0714,0.0268,0.1488,S5,Contracción,Alta
2024-01,M12,Arte y recreación,8.3694,8.35,13.0,5.9248,,3915.1987,-16.9665,8.35,-3.3933,0.5893,0.69,0.2232,0.0893,0.0357,0.276,S4,Decrecimiento,Media
2024-02,M12,Arte y recreación,9.4673,7.74,12.75,7.5618,,3931.4386,-18.1481,7.74,-3.62962,0.6161,0.75,0.2768,0.1161,0.0089,0.313,S4,Decrecimiento,Media
2024-03,M12,Arte y recreación,-0.2907,7.36,12.6532,-0.9482,,3899.3413,-18.1894,7.36,-3.63788,0.0625,0.24,0.3036,0.125,0.0,0.1833,S5,Contracción,Alta
2024-04,M12,Arte y recreación,4.481,7.16,12.25,0.4051,,3867.9753,-14.8525,7.16,-2.9705,0.3304,0.37,0.3393,0.1339,0.1607,0.26,S4,Decrecimiento,Media
2024-05,M12,Arte y recreación,9.8211,7.16,11.7661,13.0978,,3869.1006,-14.7792,7.16,-2.9558400000000002,0.625,0.95,0.3393,0.1518,0.1696,0.3819,S4,Decrecimiento,Media
2024-06,M12,Arte y recreación,19.1276,7.18,11.75,-5.2046,,4042.797,-3.9549,7.18,-0.79098,0.8839,0.08,0.3214,0.1607,0.3393,0.3108,S4,Decrecimiento,Media
2024-07,M12,Arte y recreación,28.5454,6.86,11.2661,-0.3076,,4036.9219,-0.794,6.86,-0.15880000000000002,0.9375,0.32,0.3571,0.1786,0.4286,0.372,S4,Decrecimiento,Media
2024-08,M12,Arte y recreación,7.8304,6.12,10.75,9.9547,,4065.5465,-0.1272,6.12,-0.025440000000000004,0.5714,0.84,0.3929,0.2143,0.4821,0.4169,S3,Estabilidad,Moderada
2024-09,M12,Arte y recreación,2.2314,5.81,10.75,0.5459,,4182.5123,4.4448,5.81,0.88896,0.1696,0.4,0.4196,0.2143,0.5893,0.3199,S4,Decrecimiento,Media
2024-10,M12,Arte y recreación,7.4704,5.41,10.25,3.2564,,4249.47,0.6403,5.41,0.12806,0.5536,0.59,0.4643,0.2321,0.5089,0.4132,S3,Estabilidad,Moderada
2024-11,M12,Arte y recreación,-6.5997,5.2,9.75,1.8599,,4408.6523,9.1574,5.2,1.8314800000000002,0.0,0.5,0.5357,0.2589,0.7143,0.3704,S4,Decrecimiento,Media
2024-12,M12,Arte y recreación,13.9497,5.2,9.6774,2.3991,,4385.1487,11.0668,5.2,2.21336,0.7589,0.56,0.5357,0.2679,0.7679,0.4872,S3,Estabilidad,Moderada
2025-01,M12,Arte y recreación,11.8207,5.22,9.5,1.1774,,4307.5674,10.0217,5.22,2.00434,0.6696,0.45,0.5179,0.3036,0.7321,0.4657,S3,Estabilidad,Moderada
2025-02,M12,Arte y recreación,22.4115,5.28,9.5,-5.5781,,4127.9539,4.9986,5.28,0.9997199999999999,0.9018,0.07,0.5089,0.3036,0.6071,0.4383,S3,Estabilidad,Moderada
2025-03,M12,Arte y recreación,15.6465,5.09,9.5,5.2905,,4137.6845,6.1124,5.09,1.22248,0.8304,0.65,0.5982,0.3036,0.6339,0.5345,S3,Estabilidad,Moderada
2025-04,M12,Arte y recreación,11.8462,5.16,9.5,1.9155,,4280.258,10.6589,5.16,2.13178,0.6786,0.51,0.5625,0.3036,0.75,0.4903,S3,Estabilidad,Moderada
2025-05,M12,Arte y recreación,5.9513,5.05,9.2581,0.2316,,4203.3771,8.6396,5.05,1.7279200000000001,0.4643,0.35,0.6071,0.3125,0.6964,0.4554,S3,Estabilidad,Moderada
2025-06,M12,Arte y recreación,5.7099,4.82,9.25,-3.5424,,4113.485,1.7485,4.82,0.3497,0.4286,0.14,0.625,0.3839,0.5357,0.4457,S3,Estabilidad,Moderada
2025-07,M12,Arte y recreación,2.2842,4.9,9.25,1.6971,,4040.8484,0.0973,4.9,0.01946,0.1875,0.48,0.6161,0.3839,0.5,0.4522,S3,Estabilidad,Moderada
2025-08,M12,Arte y recreación,10.8957,5.1,9.25,-2.6252,,4047.4116,-0.4461,5.1,-0.08922000000000001,0.6429,0.16,0.5804,0.3839,0.4643,0.4589,S3,Estabilidad,Moderada
2025-09,M12,Arte y recreación,9.1141,5.18,9.25,0.469,,3922.212,-6.2235,5.18,-1.2447,0.6071,0.38,0.5536,0.3839,0.2857,0.4641,S3,Estabilidad,Moderada
2025-10,M12,Arte y recreación,13.3402,5.51,9.25,-3.6242,,3877.8448,-8.7452,5.51,-1.7490400000000002,0.75,0.13,0.4464,0.3839,0.2589,0.4145,S3,Estabilidad,Moderada
2025-11,M12,Arte y recreación,13.3276,5.3,9.25,3.8495,,3786.1833,-14.1193,5.3,-2.8238600000000003,0.7411,0.61,0.4911,0.3839,0.1875,0.4863,S3,Estabilidad,Moderada
2025-12,M12,Arte y recreación,-1.2947,5.1,9.25,5.6988,,3791.4719,-13.5384,5.1,-2.70768,0.0446,0.68,0.5804,0.3839,0.2054,0.4311,S3,Estabilidad,Moderada
2026-01,M12,Arte y recreación,5.0237,5.35,9.25,-2.0458,,3702.999,-14.035,5.35,-2.8070000000000004,0.4018,0.19,0.4821,0.3839,0.1964,0.3834,S4,Decrecimiento,Media
2026-02,M12,Arte y recreación,-2.0579,5.29,10.2143,9.9519,,3675.6414,-10.9573,5.29,-2.19146,0.0268,0.83,0.5,0.2411,0.2143,0.3718,S4,Decrecimiento,Media
2026-03,M12,Arte y recreación,5.8241,5.56,10.25,1.9909,,3717.5574,-10.1537,5.56,-2.03074,0.4375,0.52,0.4375,0.2321,0.2321,0.3647,S4,Decrecimiento,Media
2026-04,M12,Arte y recreación,5.8241,5.09,11.25,1.9909,,3617.5187,-15.4836,5.09,-3.09672,0.4375,0.52,0.5982,0.1875,0.0446,0.3916,S4,Decrecimiento,Media
